assembly_accession,bioproject,biosample,wgs_master,refseq_category,taxid,species_taxid,organism_name,infraspecific_name,isolate,version_status,assembly_level,release_type,genome_rep,seq_rel_date,asm_name,submitter,gbrs_paired_asm,paired_asm_comp,ftp_path,excluded_from_refseq,relation_to_type_material,asm_not_live_date,OGT,predicted_OGT
GCA_009729015.1,PRJNA488459,SAMN09933089,,representative genome,2283,2283,Acidianus ambivalens,strain=LEI 10,,latest,Complete Genome,Major,Full,04/12/2019,ASM972901v1,North Carolina State University,GCF_009729015.1,identical,https://ftp.ncbi.nlm.nih.gov/genomes/all/GCA/009/729/015/GCA_009729015.1_ASM972901v1,,assembly from type material,na,80,76.37
GCA_003201835.2,PRJNA463410,SAMN09071529,,representative genome,41673,41673,Acidianus brierleyi,strain=DSM 1651,,latest,Complete Genome,Major,Full,10/03/2020,ASM320183v2,North Carolina State University,GCF_003201835.2,identical,https://ftp.ncbi.nlm.nih.gov/genomes/all/GCA/003/201/835/GCA_003201835.2_ASM320183v2,,assembly from type material,na,72,68.73
GCA_003201765.2,PRJNA463410,SAMN09071530,,representative genome,619593,312539,Acidianus sulfidivorans JP7,strain=JP7,,latest,Complete Genome,Major,Full,10/03/2020,ASM320176v2,North Carolina State University,GCF_003201765.2,identical,https://ftp.ncbi.nlm.nih.gov/genomes/all/GCA/003/201/765/GCA_003201765.2_ASM320176v2,,assembly from type material,na,70,67.92
GCA_000144915.1,PRJNA39927,SAMN02603091,,representative genome,666510,242703,Acidilobus saccharovorans 345-15,strain=345-15,,latest,Complete Genome,Major,Full,06/08/2010,ASM14491v1,Centre Bioengineering RAS,GCF_000144915.1,identical,https://ftp.ncbi.nlm.nih.gov/genomes/all/GCA/000/144/915/GCA_000144915.1_ASM14491v1,,assembly from type material,na,80,74.71
GCA_000025665.1,PRJNA38403,SAMN02598523,,na,439481,379547,Aciduliprofundum boonei T469,strain=T469,,latest,Complete Genome,Major,Full,24/02/2010,ASM2566v1,US DOE Joint Genome Institute,GCF_000025665.1,identical,https://ftp.ncbi.nlm.nih.gov/genomes/all/GCA/000/025/665/GCA_000025665.1_ASM2566v1,,,na,70,74.7
GCA_000591035.1,PRJDB107,SAMD00061006,,representative genome,1198449,229980,Aeropyrum camini SY1 = JCM 12091,strain=SY1,,latest,Complete Genome,Major,Full,27/09/2013,ASM59103v1,"Laboratory of Marine Microbiology, Division of Applied Biosciences, Graduate School of Agriculture, Kyoto University",GCF_000591035.1,identical,https://ftp.ncbi.nlm.nih.gov/genomes/all/GCA/000/591/035/GCA_000591035.1_ASM59103v1,,assembly from type material,na,85,98.52
GCA_000011125.1,PRJNA211,SAMD00061092,,representative genome,272557,56636,Aeropyrum pernix K1,strain=K1,,latest,Complete Genome,Major,Full,11/10/2006,ASM1112v1,NITE,GCF_000011125.1,identical,https://ftp.ncbi.nlm.nih.gov/genomes/all/GCA/000/011/125/GCA_000011125.1_ASM1112v1,,assembly from type material,na,90,98.99
GCA_000008665.1,PRJNA104,SAMN02603985,,na,224325,2234,Archaeoglobus fulgidus DSM 4304,strain=DSM 4304,,latest,Complete Genome,Major,Full,22/12/1999,ASM866v1,TIGR,GCF_000008665.1,identical,https://ftp.ncbi.nlm.nih.gov/genomes/all/GCA/000/008/665/GCA_000008665.1_ASM866v1,,assembly from type material,na,81,83.9
GCA_000734035.1,PRJNA208006,SAMN03081472,,representative genome,1344584,2234,Archaeoglobus fulgidus DSM 8774,strain=DSM 8774,,latest,Complete Genome,Major,Full,28/07/2014,ASM73403v1,University Bergen,GCF_000734035.1,identical,https://ftp.ncbi.nlm.nih.gov/genomes/all/GCA/000/734/035/GCA_000734035.1_ASM73403v1,,,na,81,86.12
GCA_000025285.1,PRJNA32583,SAMN00017459,,representative genome,572546,84156,Archaeoglobus profundus DSM 5631,strain=DSM 5631,,latest,Complete Genome,Major,Full,19/01/2010,ASM2528v1,US DOE Joint Genome Institute (JGI-PGF),GCF_000025285.1,identical,https://ftp.ncbi.nlm.nih.gov/genomes/all/GCA/000/025/285/GCA_000025285.1_ASM2528v1,,assembly from type material,na,85,94.11
GCA_000385565.1,PRJNA196460,SAMN02028569,,representative genome,387631,1316941,Archaeoglobus sulfaticallidus PM70-1,strain=PM70-1,,latest,Complete Genome,Major,Full,30/04/2013,ASM38556v1,"University of Bergen, Centre for Geobiology, Department of Biology",GCF_000385565.1,identical,https://ftp.ncbi.nlm.nih.gov/genomes/all/GCA/000/385/565/GCA_000385565.1_ASM38556v1,,assembly from type material,na,75,80.66
GCA_000194625.1,PRJNA51621,SAMN00713598,,representative genome,693661,58290,Archaeoglobus veneficus SNP6,strain=SNP6,,latest,Complete Genome,Major,Full,31/03/2011,ASM19462v1,US DOE Joint Genome Institute (JGI-PGF),GCF_000194625.1,identical,https://ftp.ncbi.nlm.nih.gov/genomes/all/GCA/000/194/625/GCA_000194625.1_ASM19462v1,,assembly from type material,na,75,84.44
GCA_000317795.1,PRJNA70815,SAMN02261426,,representative genome,1056495,200415,Caldisphaera lagunensis DSM 15908,strain=DSM 15908,,latest,Complete Genome,Major,Full,10/12/2012,ASM31779v1,JGI,GCF_000317795.1,identical,https://ftp.ncbi.nlm.nih.gov/genomes/all/GCA/000/317/795/GCA_000317795.1_ASM31779v1,,assembly from type material,na,75,66.19
GCA_000018305.1,PRJNA17421,SAMN00623034,,representative genome,397948,76887,Caldivirga maquilingensis IC-167,strain=IC-167,,latest,Complete Genome,Major,Full,05/10/2007,ASM1830v1,US DOE Joint Genome Institute (JGI-PGF),GCF_000018305.1,identical,https://ftp.ncbi.nlm.nih.gov/genomes/all/GCA/000/018/305/GCA_000018305.1_ASM1830v1,,assembly from type material,na,83,86.41
GCA_000020905.1,PRJNA28141,SAMN02603098,,na,490899,94694,Desulfurococcus amylolyticus 1221n,strain=1221n,,latest,Complete Genome,Major,Full,24/12/2008,ASM2090v1,Centre 'Bioengineering' RAS,GCF_000020905.1,identical,https://ftp.ncbi.nlm.nih.gov/genomes/all/GCA/000/020/905/GCA_000020905.1_ASM2090v1,,assembly from synonym type material,na,80,102.94
GCA_000231015.3,PRJNA49401,SAMN02232017,,representative genome,768672,94694,Desulfurococcus amylolyticus DSM 16532,strain=DSM 16532,,latest,Complete Genome,Major,Full,07/06/2012,ASM23101v3,DOE Joint Genome Institute,GCF_000231015.2,identical,https://ftp.ncbi.nlm.nih.gov/genomes/all/GCA/000/231/015/GCA_000231015.3_ASM23101v3,,assembly from synonym type material,na,80,103.85
GCA_000186365.1,PRJNA48641,SAMN00103627,,representative genome,765177,2275,Desulfurococcus mucosus DSM 2162,strain=DSM 2162,,latest,Complete Genome,Major,Full,20/01/2011,ASM18636v1,US DOE Joint Genome Institute (JGI-PGF),GCF_000186365.1,identical,https://ftp.ncbi.nlm.nih.gov/genomes/all/GCA/000/186/365/GCA_000186365.1_ASM18636v1,,assembly from type material,na,87,100.01
GCA_000025505.1,PRJNA33635,SAMN02598503,,representative genome,589924,54261,Ferroglobus placidus DSM 10642,strain=DSM 10642,,latest,Complete Genome,Major,Full,16/02/2010,ASM2550v1,US DOE Joint Genome Institute,GCF_000025505.1,identical,https://ftp.ncbi.nlm.nih.gov/genomes/all/GCA/000/025/505/GCA_000025505.1_ASM2550v1,,assembly from type material,na,85,90.19
GCA_002078355.1,PRJNA316151,SAMN03952737,,representative genome,74969,74969,Ferroplasma acidiphilum,strain=Y,,latest,Complete Genome,Major,Full,04/04/2017,ASM207835v1,Max Planck Institute for Chemical Ecology,GCF_002078355.1,identical,https://ftp.ncbi.nlm.nih.gov/genomes/all/GCA/002/078/355/GCA_002078355.1_ASM207835v1,,assembly from type material,na,35,45.29
GCA_000258425.1,PRJNA91117,SAMN02603095,,representative genome,1163730,683846,Fervidicoccus fontis Kam940,strain=Kam940,,latest,Complete Genome,Major,Full,10/04/2012,ASM25842v1,Centre Bioengineering RAS,GCF_000258425.1,identical,https://ftp.ncbi.nlm.nih.gov/genomes/all/GCA/000/258/425/GCA_000258425.1_ASM25842v1,,assembly from type material,na,80,74.89
GCA_000789255.1,PRJNA261279,SAMN03070125,,na,565033,565033,Geoglobus acetivorans,strain=SBH6,,latest,Complete Genome,Major,Full,04/12/2014,ASM78925v1,Centre Bioengineering RAS,GCF_000789255.1,identical,https://ftp.ncbi.nlm.nih.gov/genomes/all/GCA/000/789/255/GCA_000789255.1_ASM78925v1,unverified source organism; not used as type,,na,80,83.81
GCA_001006045.1,PRJNA258102,SAMN02988852,,representative genome,113653,113653,Geoglobus ahangari,strain=234,,latest,Complete Genome,Major,Full,11/05/2015,ASM100604v1,Michigan State University,GCF_001006045.1,identical,https://ftp.ncbi.nlm.nih.gov/genomes/all/GCA/001/006/045/GCA_001006045.1_ASM100604v1,,assembly from type material,na,85,94.72
GCA_000196895.1,PRJNA49517,SAMN02603490,,representative genome,795797,413810,Halalkalicoccus jeotgali B3,strain=B3,,latest,Complete Genome,Major,Full,23/06/2010,ASM19689v1,Kyung Hee University,GCF_000196895.1,identical,https://ftp.ncbi.nlm.nih.gov/genomes/all/GCA/000/196/895/GCA_000196895.1_ASM19689v1,,assembly from type material,na,37,60
GCA_000223905.1,PRJNA68523,SAMN02602960,,na,634497,51589,Haloarcula hispanica ATCC 33960,strain=CGMCC 1.2049,,latest,Complete Genome,Major,Full,17/08/2011,ASM22390v1," Institute of Microbiology, Chinese Academy of Sciences",GCF_000223905.1,identical,https://ftp.ncbi.nlm.nih.gov/genomes/all/GCA/000/223/905/GCA_000223905.1_ASM22390v1,,assembly from type material,na,37,40.64
GCA_000504565.2,PRJNA227070,SAMN02393367,,na,1417673,51589,Haloarcula hispanica N601,strain=N601,,latest,Complete Genome,Major,Full,09/01/2014,ASM50456v2,"Academia Sinica, Taipei, Taiwan",GCF_000504565.1,identical,https://ftp.ncbi.nlm.nih.gov/genomes/all/GCA/000/504/565/GCA_000504565.2_ASM50456v2,,,na,37,40.48
GCA_000011085.1,PRJNA105,SAMN02603385,,representative genome,272569,2238,Haloarcula marismortui ATCC 43049,strain=ATCC 43049,,latest,Complete Genome,Major,Full,02/11/2004,ASM1108v1,Institute for Systems Biology,GCF_000011085.1,identical,https://ftp.ncbi.nlm.nih.gov/genomes/all/GCA/000/011/085/GCA_000011085.1_ASM1108v1,,assembly from type material,na,37,39.03
GCA_005310945.1,PRJNA412908,SAMN11356379,,na,272569,2238,Haloarcula marismortui ATCC 43049,strain=ATCC 43049,,latest,Complete Genome,Major,Full,14/05/2019,ASM531094v1,University of Maryland,GCF_005310945.1,identical,https://ftp.ncbi.nlm.nih.gov/genomes/all/GCA/005/310/945/GCA_005310945.1_ASM531094v1,,assembly from type material,na,37,40.14
GCA_004803735.1,PRJNA531092,SAMN11349655,,na,57705,57705,Halomicrobium mukohataei,strain=JP60,,latest,Complete Genome,Major,Full,23/04/2019,ASM480373v1,Jiangsu University,GCF_004803735.1,identical,https://ftp.ncbi.nlm.nih.gov/genomes/all/GCA/004/803/735/GCA_004803735.1_ASM480373v1,,,na,37,47.3
GCA_000023965.1,PRJNA27945,SAMN00002610,,representative genome,485914,57705,Halomicrobium mukohataei DSM 12286,strain=DSM 12286,,latest,Complete Genome,Major,Full,03/09/2009,ASM2396v1,US DOE Joint Genome Institute (JGI-PGF),GCF_000023965.1,identical,https://ftp.ncbi.nlm.nih.gov/genomes/all/GCA/000/023/965/GCA_000023965.1_ASM2396v1,,assembly from type material,na,37,46.94
GCA_004799605.1,PRJNA530823,SAMN11158145,,representative genome,2242,2242,Halobacterium salinarum,strain=91-R6,,latest,Complete Genome,Major,Full,18/04/2019,ASM479960v1,Max-Planck-Institute of Biochemistry,GCF_004799605.1,identical,https://ftp.ncbi.nlm.nih.gov/genomes/all/GCA/004/799/605/GCA_004799605.1_ASM479960v1,,assembly from type material,na,37,28.79
GCA_000006805.1,PRJNA412908,SAMN02604216,,na,64091,2242,Halobacterium salinarum NRC-1,strain=NRC-1; ATCC 700922,,latest,Complete Genome,Major,Full,09/01/2001,ASM680v1,"University of Massachusetts-Amherst, University of Washington",GCF_000006805.1,identical,https://ftp.ncbi.nlm.nih.gov/genomes/all/GCA/000/006/805/GCA_000006805.1_ASM680v1,,,na,37,29.41
GCA_000069025.1,PRJNA106,SAMEA3138275,,na,478009,2242,Halobacterium salinarum R1,strain=DSM 671 = R1,,latest,Complete Genome,Major,Full,12/02/2008,ASM6902v1,Max Planck Institute,GCF_000069025.1,identical,https://ftp.ncbi.nlm.nih.gov/genomes/all/GCA/000/069/025/GCA_000069025.1_ASM6902v1,,,na,37,30.77
GCA_000022205.1,PRJNA412908,SAMN02598407,,representative genome,416348,2247,Halorubrum lacusprofundi ATCC 49239,strain=ATCC 49239,,latest,Complete Genome,Major,Full,04/02/2009,ASM2220v1,US DOE Joint Genome Institute (JGI-PGF),GCF_000022205.1,identical,https://ftp.ncbi.nlm.nih.gov/genomes/all/GCA/000/022/205/GCA_000022205.1_ASM2220v1,,assembly from type material,na,30,46.04
GCA_000306765.2,PRJNA43185,SAMN02603397,,na,523841,2252,Haloferax mediterranei ATCC 33500,strain=CGMCC 1.2087,,latest,Complete Genome,Major,Full,27/05/2014,ASM30676v2,"Institute of Microbiology, Chinese Academy of Sciences",GCF_000306765.2,identical,https://ftp.ncbi.nlm.nih.gov/genomes/all/GCA/000/306/765/GCA_000306765.2_ASM30676v2,,assembly from type material,na,36,44.31
GCA_005406325.1,PRJNA412908,SAMN11356524,,representative genome,523841,2252,Haloferax mediterranei ATCC 33500,strain=ATCC 33500,,latest,Complete Genome,Major,Full,16/05/2019,ASM540632v1,University of Maryland,GCF_005406325.1,identical,https://ftp.ncbi.nlm.nih.gov/genomes/all/GCA/005/406/325/GCA_005406325.1_ASM540632v1,,assembly from type material,na,36,45.03
GCA_021233435.1,PRJNA787377,SAMN23798384,,representative genome,223182,223182,Halobacterium noricense,strain=JCM 15102,,latest,Complete Genome,Major,Full,20/12/2021,ASM2123343v1,Jiangsu University,GCF_021233435.1,identical,https://ftp.ncbi.nlm.nih.gov/genomes/all/GCA/021/233/435/GCA_021233435.1_ASM2123343v1,,assembly from type material,na,37,45.56
GCA_000026045.1,PRJNA15742,SAMEA3138222,,representative genome,348780,2257,Natronomonas pharaonis DSM 2160,strain=Gabara,,latest,Complete Genome,Major,Full,28/09/2005,ASM2604v1,Max Planck Institute,GCF_000026045.1,identical,https://ftp.ncbi.nlm.nih.gov/genomes/all/GCA/000/026/045/GCA_000026045.1_ASM2604v1,,assembly from type material,na,37,47.1
GCA_002355655.1,PRJDB4921,SAMD00053811,,na,29284,29284,Halorubrum trapanicum,strain=CBA1232,,latest,Complete Genome,Major,Full,01/07/2016,ASM235565v1,Korea Basic Science Institute,GCF_002355655.1,identical,https://ftp.ncbi.nlm.nih.gov/genomes/all/GCA/002/355/655/GCA_002355655.1_ASM235565v1,,,na,37,N/A
GCA_000025685.1,PRJNA12524,SAMN02604027,,representative genome,309800,2246,Haloferax volcanii DS2,strain=DS2,,latest,Complete Genome,Major,Full,23/03/2010,ASM2568v1,TIGR,GCF_000025685.1,identical,https://ftp.ncbi.nlm.nih.gov/genomes/all/GCA/000/025/685/GCA_000025685.1_ASM2568v1,,assembly from type material,na,35,45.47
GCA_022870485.1,PRJNA822675,SAMN27257334,,representative genome,179637,179637,Halococcus dombrowskii,strain=H4,,latest,Complete Genome,Major,Full,11/04/2022,ASM2287048v1,MacLea Lab & Binomica Labs collaboration,GCF_022870485.1,identical,https://ftp.ncbi.nlm.nih.gov/genomes/all/GCA/022/870/485/GCA_022870485.1_ASM2287048v1,,assembly from type material,na,37,46.18
GCA_000025325.1,PRJNA30411,SAMN02598471,,representative genome,543526,62320,Haloterrigena turkmenica DSM 5511,strain=DSM 5511,,latest,Complete Genome,Major,Full,19/01/2010,ASM2532v1,US DOE Joint Genome Institute (JGI-PGF),GCF_000025325.1,identical,https://ftp.ncbi.nlm.nih.gov/genomes/all/GCA/000/025/325/GCA_000025325.1_ASM2532v1,,assembly from type material,na,37,53.7
GCA_010692905.1,PRJNA605089,SAMN14048689,,representative genome,114529,114529,Haloferax alexandrinus,strain=wsp1,,latest,Complete Genome,Major,Full,18/02/2020,ASM1069290v1,CSIR-Institue of Microbial Technology,GCF_010692905.1,identical,https://ftp.ncbi.nlm.nih.gov/genomes/all/GCA/010/692/905/GCA_010692905.1_ASM1069290v1,,,na,37,44.88
GCA_029232225.1,PRJNA865582,SAMN30631033,,na,114529,114529,Haloferax alexandrinus,strain=BNX82,,latest,Complete Genome,Major,Full,17/03/2023,ASM2923222v1,Consiglio nazionale delle ricerche,na,na,https://ftp.ncbi.nlm.nih.gov/genomes/all/GCA/029/232/225/GCA_029232225.1_ASM2923222v1,,,na,37,44.09
GCA_001190965.1,PRJNA285662,SAMN03755233,,representative genome,35746,35746,Haloferax gibbonsii,strain=ARA6,,latest,Complete Genome,Major,Full,03/08/2015,ASM119096v1,Universidade do Estado do Rio de Janeiro,GCF_001190965.1,identical,https://ftp.ncbi.nlm.nih.gov/genomes/all/GCA/001/190/965/GCA_001190965.1_ASM119096v1,,,na,37,44.9
GCA_014969745.1,PRJNA656928,SAMN15808703,,na,35746,35746,Haloferax gibbonsii,strain=LR2-5,,latest,Complete Genome,Major,Full,27/10/2020,ASM1496974v1,Max-Planck-Institute of Biochemistry,GCF_014969745.1,identical,https://ftp.ncbi.nlm.nih.gov/genomes/all/GCA/014/969/745/GCA_014969745.1_ASM1496974v1,,,na,37,44.58
GCA_024730625.1,PRJNA742554,SAMN19967896,,representative genome,302484,302484,Haloferax larsenii,strain=NCIM 5678,,latest,Complete Genome,Major,Full,22/08/2022,ASM2473062v1,Indian Institute of Technology Delhi,GCF_024730625.1,identical,https://ftp.ncbi.nlm.nih.gov/genomes/all/GCA/024/730/625/GCA_024730625.1_ASM2473062v1,,,na,37,44.04
GCA_029225785.1,PRJNA865582,SAMN30630946,,representative genome,2254,2254,Haloferax lucentense,strain=SVX82,,latest,Complete Genome,Major,Full,16/03/2023,ASM2922578v1,Consiglio nazionale delle ricerche,GCF_029225785.1,identical,https://ftp.ncbi.nlm.nih.gov/genomes/all/GCA/029/225/785/GCA_029225785.1_ASM2922578v1,,,na,37,44.9
GCA_010692885.1,PRJNA605299,SAMN14053718,,na,60847,60847,Halogeometricum borinquense,strain=wsp4,,latest,Complete Genome,Major,Full,18/02/2020,ASM1069288v1,CSIR-Institue of Microbial Technology,GCF_010692885.1,identical,https://ftp.ncbi.nlm.nih.gov/genomes/all/GCA/010/692/885/GCA_010692885.1_ASM1069288v1,,,na,37,44.1
GCA_011765365.1,PRJNA590870,SAMN13341696,,na,60847,60847,Halogeometricum borinquense,strain=wsp3,,latest,Complete Genome,Major,Full,29/03/2020,ASM1176536v1,CSIR-Institue of Microbial Technology,GCF_011765365.1,identical,https://ftp.ncbi.nlm.nih.gov/genomes/all/GCA/011/765/365/GCA_011765365.1_ASM1176536v1,genome length too small,,na,37,46.33
GCA_000172995.2,PRJNA20743,SAMN00002580,,representative genome,469382,60847,Halogeometricum borinquense DSM 11551,strain=PR 3,,latest,Complete Genome,Major,Full,22/11/2010,ASM17299v2,US DOE Joint Genome Institute (JGI-PGF),GCF_000172995.2,identical,https://ftp.ncbi.nlm.nih.gov/genomes/all/GCA/000/172/995/GCA_000172995.2_ASM17299v2,,assembly from type material,na,37,43.9
GCA_002788215.1,PRJNA53493,SAMN00117514,,representative genome,1073996,1073996,Halohasta litchfieldiae,strain=tADL,,latest,Complete Genome,Major,Full,20/11/2017,ASM278821v1,JGI-PSF,GCF_002788215.1,identical,https://ftp.ncbi.nlm.nih.gov/genomes/all/GCA/002/788/215/GCA_002788215.1_ASM278821v1,,assembly from type material,na,28,44.25
GCA_000217715.1,PRJNA56049,SAMN02232028,,representative genome,797210,387343,Halopiger xanaduensis SH-6,strain=SH-6,,latest,Complete Genome,Major,Full,09/06/2011,ASM21771v1,US DOE Joint Genome Institute,GCF_000217715.1,identical,https://ftp.ncbi.nlm.nih.gov/genomes/all/GCA/000/217/715/GCA_000217715.1_ASM21771v1,,assembly from type material,na,37,53.93
GCA_000009185.1,PRJNA17185,SAMEA3138195,,representative genome,362976,293091,Haloquadratum walsbyi DSM 16790,strain=DSM 16790 = HBSQ001,,latest,Complete Genome,Major,Full,22/06/2006,ASM918v1,Max Planck Institute,GCF_000009185.1,identical,https://ftp.ncbi.nlm.nih.gov/genomes/all/GCA/000/009/185/GCA_000009185.1_ASM918v1,,,na,37,31.81
GCA_000237865.1,PRJEA49335,SAMEA2272799,,na,768065,293091,Haloquadratum walsbyi C23,strain=DSM 16854 = C23,,latest,Complete Genome,Major,Full,31/05/2011,ASM23786v1,Max-Planck-Institute of Biochemistry,GCF_000237865.1,identical,https://ftp.ncbi.nlm.nih.gov/genomes/all/GCA/000/237/865/GCA_000237865.1_ASM23786v1,,assembly from type material,na,37,33.94
GCA_000470655.1,PRJEB1233,SAMEA2271992,,representative genome,1033806,430914,Halorhabdus tiamatea SARL4B,strain=type strain: SARL4B,,latest,Complete Genome,Major,Full,01/08/2013,HATI1,MPI BREMEN,GCF_000470655.1,identical,https://ftp.ncbi.nlm.nih.gov/genomes/all/GCA/000/470/655/GCA_000470655.1_HATI1,,assembly from type material,na,45,51.81
GCA_000023945.1,PRJNA29305,SAMN00002611,,representative genome,519442,146826,Halorhabdus utahensis DSM 12940,strain=DSM 12940,,latest,Complete Genome,Major,Full,27/08/2009,ASM2394v1,US DOE Joint Genome Institute (JGI-PGF),GCF_000023945.1,identical,https://ftp.ncbi.nlm.nih.gov/genomes/all/GCA/000/023/945/GCA_000023945.1_ASM2394v1,,assembly from type material,na,37,48.33
GCA_004126515.1,PRJNA513349,SAMN10709458,,representative genome,337243,337243,Halorubrum ezzemoulense,strain=Fb21,,latest,Complete Genome,Major,Full,01/02/2019,ASM412651v1,University of Connecticut,GCF_004126515.1,identical,https://ftp.ncbi.nlm.nih.gov/genomes/all/GCA/004/126/515/GCA_004126515.1_ASM412651v1,,,na,37,44.41
GCA_000517625.1,PRJNA71415,SAMN00117518,,representative genome,797299,353800,Halostagnicola larsenii XH-48,strain=XH-48,,latest,Complete Genome,Major,Full,13/01/2014,ASM51762v1,JGI,GCF_000517625.1,identical,https://ftp.ncbi.nlm.nih.gov/genomes/all/GCA/000/517/625/GCA_000517625.1_ASM51762v1,,assembly from type material,na,37,51.81
GCA_004799625.1,PRJNA482292,SAMN09702595,,na,121872,121872,Natrinema thermotolerans,strain=A29,,latest,Complete Genome,Major,Full,18/04/2019,ASM479962v1,Wuhan University,GCF_004799625.1,identical,https://ftp.ncbi.nlm.nih.gov/genomes/all/GCA/004/799/625/GCA_004799625.1_ASM479962v1,contaminated; not used as type,,na,37,51.95
GCA_000328525.1,PRJNA59897,SAMN02232030,,representative genome,797302,387341,Halovivax ruber XH-70,strain=XH-70,,latest,Complete Genome,Major,Full,27/12/2012,ASM32852v1,DOE Joint Genome Institute,GCF_000328525.1,identical,https://ftp.ncbi.nlm.nih.gov/genomes/all/GCA/000/328/525/GCA_000328525.1_ASM32852v1,,assembly from type material,na,37,42.62
GCA_000015145.1,PRJNA208,SAMN02604082,,representative genome,415426,54248,Hyperthermus butylicus DSM 5456,strain=DSM 5456,,latest,Complete Genome,Major,Full,22/01/2007,ASM1514v1,Univ. Copenhagen,GCF_000015145.1,identical,https://ftp.ncbi.nlm.nih.gov/genomes/all/GCA/000/015/145/GCA_000015145.1_ASM1514v1,,assembly from type material,na,99,106.92
GCA_000017945.1,PRJNA13914,SAMN02598324,,representative genome,453591,160233,Ignicoccus hospitalis KIN4/I,strain=KIN4/I,,latest,Complete Genome,Major,Full,29/08/2007,ASM1794v1,US DOE Joint Genome Institute,GCF_000017945.1,identical,https://ftp.ncbi.nlm.nih.gov/genomes/all/GCA/000/017/945/GCA_000017945.1_ASM1794v1,,assembly from type material,na,90,88.33
GCA_001481685.1,PRJNA61347,SAMN04316368,,representative genome,940295,54259,Ignicoccus islandicus DSM 13165,strain=DSM 13165,,latest,Complete Genome,Major,Full,23/12/2015,ASM148168v1,Oak Ridge National Laboratory,GCF_001481685.1,identical,https://ftp.ncbi.nlm.nih.gov/genomes/all/GCA/001/481/685/GCA_001481685.1_ASM148168v1,,assembly from type material,na,90,91.31
GCA_025340205.1,PRJNA61345,SAMN04316367,,na,940294,114376,Ignicoccus pacificus DSM 13166,strain=DSM 13166,,latest,Complete Genome,Major,Full,21/09/2022,ASM2534020v1,Oak Ridge National Laboratory,na,na,https://ftp.ncbi.nlm.nih.gov/genomes/all/GCA/025/340/205/GCA_025340205.1_ASM2534020v1,,assembly from type material,na,90,86.28
GCA_000145985.1,PRJNA33361,SAMN00016987,,na,583356,334771,Ignisphaera aggregans DSM 17230,strain=DSM 17230,,latest,Complete Genome,Major,Full,24/08/2010,ASM14598v1,US DOE Joint Genome Institute (JGI-PGF),GCF_000145985.1,identical,https://ftp.ncbi.nlm.nih.gov/genomes/all/GCA/000/145/985/GCA_000145985.1_ASM14598v1,missing rRNA genes,assembly from type material,na,92,109.78
GCA_003201675.2,PRJNA463410,SAMN09071531,,representative genome,1293036,79601,Metallosphaera hakonensis JCM 8857 = DSM 7519,strain=HO1-1,,latest,Complete Genome,Major,Full,10/03/2020,ASM320167v2,North Carolina State University,GCF_003201675.2,identical,https://ftp.ncbi.nlm.nih.gov/genomes/all/GCA/003/201/675/GCA_003201675.2_ASM320167v2,,assembly from type material,na,67,75.6
GCA_005222525.1,PRJNA463410,SAMN09071532,,representative genome,47304,47304,Metallosphaera prunae,strain=Ron 12/II,,latest,Complete Genome,Major,Full,07/05/2019,ASM522252v1,North Carolina State University,GCF_005222525.1,identical,https://ftp.ncbi.nlm.nih.gov/genomes/all/GCA/005/222/525/GCA_005222525.1_ASM522252v1,,assembly from type material,na,75,77.18
GCA_001266655.1,PRJNA289697,SAMN03857118,,na,43687,43687,Metallosphaera sedula,strain=ARS50-1,,latest,Complete Genome,Major,Full,12/08/2015,ASM126665v1,University of Nebraska-Lincoln,GCF_001266655.1,identical,https://ftp.ncbi.nlm.nih.gov/genomes/all/GCA/001/266/655/GCA_001266655.1_ASM126665v1,,,na,67,77.56
GCA_001266675.1,PRJNA289701,SAMN03857124,,na,43687,43687,Metallosphaera sedula,strain=ARS50-2,,latest,Complete Genome,Major,Full,12/08/2015,ASM126667v1,University of Nebraska-Lincoln,GCF_001266675.1,identical,https://ftp.ncbi.nlm.nih.gov/genomes/all/GCA/001/266/675/GCA_001266675.1_ASM126667v1,,,na,67,77.57
GCA_001266695.1,PRJNA289698,SAMN03857129,,na,43687,43687,Metallosphaera sedula,strain=ARS120-1,,latest,Complete Genome,Major,Full,12/08/2015,ASM126669v1,University of Nebraska-Lincoln,GCF_001266695.1,identical,https://ftp.ncbi.nlm.nih.gov/genomes/all/GCA/001/266/695/GCA_001266695.1_ASM126669v1,,,na,67,77.57
GCA_001266715.1,PRJNA289699,SAMN03857133,,na,43687,43687,Metallosphaera sedula,strain=ARS120-2,,latest,Complete Genome,Major,Full,12/08/2015,ASM126671v1,University of Nebraska-Lincoln,GCF_001266715.1,identical,https://ftp.ncbi.nlm.nih.gov/genomes/all/GCA/001/266/715/GCA_001266715.1_ASM126671v1,,,na,67,77.57
GCA_001266735.1,PRJNA290374,SAMN03890864,,na,43687,43687,Metallosphaera sedula,strain=SARC-M1,,latest,Complete Genome,Major,Full,12/08/2015,ASM126673v1,University of Nebraska-Lincoln,GCF_001266735.1,identical,https://ftp.ncbi.nlm.nih.gov/genomes/all/GCA/001/266/735/GCA_001266735.1_ASM126673v1,,,na,67,77.58
GCA_023169565.1,PRJDB8408,SAMD00173596,,na,43687,43687,Metallosphaera sedula,strain=MJ1HA,,latest,Complete Genome,Major,Full,22/02/2022,ASM2316956v1,RIKEN,GCF_023169565.1,identical,https://ftp.ncbi.nlm.nih.gov/genomes/all/GCA/023/169/565/GCA_023169565.1_ASM2316956v1,,,na,67,78.1
GCA_000016605.1,PRJNA17447,SAMN02598389,,na,399549,43687,Metallosphaera sedula DSM 5348,strain=DSM 5348,,latest,Complete Genome,Major,Full,25/04/2007,ASM1660v1,US DOE Joint Genome Institute,GCF_000016605.1,identical,https://ftp.ncbi.nlm.nih.gov/genomes/all/GCA/000/016/605/GCA_000016605.1_ASM1660v1,unverified source organism; not used as type,,na,67,77.3
GCA_900095295.1,PRJEB14599,SAMEA4378819,,representative genome,118062,118062,Methanobacterium congolense,,Buetzberg,latest,Complete Genome,Major,Full,08/09/2016,MCBB,CEBITEC,GCF_900095295.1,identical,https://ftp.ncbi.nlm.nih.gov/genomes/all/GCA/900/095/295/GCA_900095295.1_MCBB,,,na,37,45.18
GCA_000762265.1,PRJNA49593,SAMN03085433,,na,2162,2162,Methanobacterium formicicum,strain=BRM9,,latest,Complete Genome,Major,Full,02/10/2014,ASM76226v1,PGgRc,GCF_000762265.1,identical,https://ftp.ncbi.nlm.nih.gov/genomes/all/GCA/000/762/265/GCA_000762265.1_ASM76226v1,,,na,37,47.57
GCA_000953115.1,PRJEB7090,SAMEA2724982,,na,2162,2162,Methanobacterium formicicum,,,latest,Complete Genome,Major,Full,10/09/2014,DSM1535,CEBITEC,GCF_000953115.1,identical,https://ftp.ncbi.nlm.nih.gov/genomes/all/GCA/000/953/115/GCA_000953115.1_DSM1535,contaminated,,na,37,47.24
GCA_001458655.1,PRJEB7298,SAMEA2779801,,representative genome,2162,2162,Methanobacterium formicicum,,Mb9,latest,Complete Genome,Major,Full,16/11/2015,Mb9,CEBITEC,GCF_001458655.1,identical,https://ftp.ncbi.nlm.nih.gov/genomes/all/GCA/001/458/655/GCA_001458655.1_Mb9,,,na,37,47.93
GCA_000191585.1,PRJNA53495,SAMN02232037,,representative genome,877455,877455,Methanobacterium lacus,strain=AL-21,,latest,Complete Genome,Major,Full,07/03/2011,ASM19158v1,US DOE Joint Genome Institute,GCF_000191585.1,identical,https://ftp.ncbi.nlm.nih.gov/genomes/all/GCA/000/191/585/GCA_000191585.1_ASM19158v1,,,na,30,39.07
GCA_000214725.1,PRJNA53561,SAMN00713630,,representative genome,868131,868131,Methanobacterium paludis,strain=SWAN1,,latest,Complete Genome,Major,Full,24/05/2011,ASM21472v1,US DOE Joint Genome Institute,GCF_000214725.1,identical,https://ftp.ncbi.nlm.nih.gov/genomes/all/GCA/000/214/725/GCA_000214725.1_ASM21472v1,,assembly from type material,na,28,40.64
GCA_002813655.1,PRJNA349209,SAMN05928840,,na,59277,59277,Methanobacterium subterraneum,strain=MO-MB1,,latest,Complete Genome,Major,Full,07/12/2017,ASM281365v1,Japan Agency for Marine-Earth Science and technology,GCF_002813655.1,identical,https://ftp.ncbi.nlm.nih.gov/genomes/all/GCA/002/813/655/GCA_002813655.1_ASM281365v1,,,na,37,46.54
GCA_002813695.1,PRJNA349209,SAMN05928842,,representative genome,59277,59277,Methanobacterium subterraneum,strain=A8p,,latest,Complete Genome,Major,Full,07/12/2017,ASM281369v1,Japan Agency for Marine-Earth Science and technology,GCF_002813695.1,identical,https://ftp.ncbi.nlm.nih.gov/genomes/all/GCA/002/813/695/GCA_002813695.1_ASM281369v1,,assembly from type material,na,37,46.77
GCA_027554905.1,PRJNA674001,SAMN16604535,,representative genome,145262,145262,Methanothermobacter thermautotrophicus,strain=Delta H,,latest,Complete Genome,Major,Full,03/01/2023,ASM2755490v1,University of Tuebingen,GCF_027554905.1,identical,https://ftp.ncbi.nlm.nih.gov/genomes/all/GCA/027/554/905/GCA_027554905.1_ASM2755490v1,,assembly from type material,na,60,76.61
GCA_027555045.1,PRJNA674001,SAMN16605913,,na,145262,145262,Methanothermobacter thermautotrophicus,strain=Z-245,,latest,Complete Genome,Major,Full,03/01/2023,ASM2755504v1,University of Tuebingen,GCF_027555045.1,identical,https://ftp.ncbi.nlm.nih.gov/genomes/all/GCA/027/555/045/GCA_027555045.1_ASM2755504v1,,,na,60,76.38
GCA_000008645.1,PRJNA289,SAMN02603244,,na,187420,145262,Methanothermobacter thermautotrophicus str. Delta H,strain=Delta H,,latest,Complete Genome,Major,Full,22/12/1999,ASM864v1,Genome Therapeutics Corporation,GCF_000008645.1,identical,https://ftp.ncbi.nlm.nih.gov/genomes/all/GCA/000/008/645/GCA_000008645.1_ASM864v1,,assembly from type material,na,60,75.36
GCA_025397995.1,PRJNA622823,SAMN30825859,,representative genome,145261,145261,Methanothermobacter wolfeii,strain=DSM 2970,,latest,Complete Genome,Major,Full,24/09/2022,ASM2539799v1,NEB,GCF_025397995.1,identical,https://ftp.ncbi.nlm.nih.gov/genomes/all/GCA/025/397/995/GCA_025397995.1_ASM2539799v1,,assembly from type material,na,60,74.45
GCA_900095815.1,PRJEB15255,SAMEA4408318,,na,145261,145261,Methanothermobacter wolfeii,,SIV6,latest,Complete Genome,Major,Full,16/12/2016,SIV6,CEBITEC,GCF_900095815.1,identical,https://ftp.ncbi.nlm.nih.gov/genomes/all/GCA/900/095/815/GCA_900095815.1_SIV6,contaminated,,na,60,74.56
GCA_019669925.1,PRJDB8301,SAMD00171894,,representative genome,39441,39441,Methanobrevibacter arboriphilus,strain=SA,,latest,Complete Genome,Major,Full,02/06/2021,ASM1966992v1,"Soil Biology and Chemistry, Department of Applied Biosciences, Graduate School of Bioagricultural Sciences, Nagoya University",GCF_019669925.1,identical,https://ftp.ncbi.nlm.nih.gov/genomes/all/GCA/019/669/925/GCA_019669925.1_ASM1966992v1,,,na,37,32.2
GCA_001477655.1,PRJNA49589,SAMN03438115,,na,230361,230361,Methanobrevibacter millerae,strain=SM9,,latest,Complete Genome,Major,Full,22/12/2015,ASM147765v1,PGgRc,GCF_001477655.1,identical,https://ftp.ncbi.nlm.nih.gov/genomes/all/GCA/001/477/655/GCA_001477655.1_ASM147765v1,,,na,37,34.65
GCA_001563245.1,PRJNA49591,SAMN04335716,,representative genome,294671,294671,Methanobrevibacter olleyae,strain=YLM1,,latest,Complete Genome,Major,Full,18/02/2016,ASM156324v1,PGgRc,GCF_001563245.1,identical,https://ftp.ncbi.nlm.nih.gov/genomes/all/GCA/001/563/245/GCA_001563245.1_ASM156324v1,,,na,37,40.84
GCA_000024185.1,PRJNA34681,SAMN02603710,,representative genome,634498,83816,Methanobrevibacter ruminantium M1,strain=M1,,latest,Complete Genome,Major,Full,05/02/2010,ASM2418v1,Pastoral Greenhouse Gas Research Consortium,GCF_000024185.1,identical,https://ftp.ncbi.nlm.nih.gov/genomes/all/GCA/000/024/185/GCA_000024185.1_ASM2418v1,,assembly from type material,na,37,36.45
GCA_002813085.1,PRJNA350240,SAMN05935551,,na,2173,2173,Methanobrevibacter smithii,strain=KB11,,latest,Complete Genome,Major,Full,06/12/2017,ASM281308v1,KRIBB,GCF_002813085.1,identical,https://ftp.ncbi.nlm.nih.gov/genomes/all/GCA/002/813/085/GCA_002813085.1_ASM281308v1,,,na,37,36.57
GCA_022846155.1,PRJDB11902,SAMD00389909,,na,2173,2173,Methanobrevibacter smithii,strain=CE91-St67,,latest,Complete Genome,Major,Full,04/02/2022,ASM2284615v1,"Laboratory for Microbiome Sciences, Center for Integrative Medical Sciences, RIKEN",GCF_022846155.1,identical,https://ftp.ncbi.nlm.nih.gov/genomes/all/GCA/022/846/155/GCA_022846155.1_ASM2284615v1,,,na,37,34.92
GCA_022846175.1,PRJDB11902,SAMD00389910,,na,2173,2173,Methanobrevibacter smithii,strain=CE91-St68,,latest,Complete Genome,Major,Full,04/02/2022,ASM2284617v1,"Laboratory for Microbiome Sciences, Center for Integrative Medical Sciences, RIKEN",GCF_022846175.1,identical,https://ftp.ncbi.nlm.nih.gov/genomes/all/GCA/022/846/175/GCA_022846175.1_ASM2284617v1,,,na,37,34.86
GCA_000016525.1,PRJNA18653,SAMN02604313,,representative genome,420247,2173,Methanobrevibacter smithii ATCC 35061,strain=ATCC 35061; PS; DSMZ 861,,latest,Complete Genome,Major,Full,04/06/2007,ASM1652v1,Washington University Center for Genome Sciences,GCF_000016525.1,identical,https://ftp.ncbi.nlm.nih.gov/genomes/all/GCA/000/016/525/GCA_000016525.1_ASM1652v1,,assembly from type material,na,37,34.06
GCA_028743435.1,PRJNA933644,SAMN33244397,,na,420247,2173,Methanobrevibacter smithii ATCC 35061,strain=DSM 861,,latest,Complete Genome,Major,Full,20/02/2023,ASM2874343v1,Zymo Research Corporation,GCF_028743435.1,identical,https://ftp.ncbi.nlm.nih.gov/genomes/all/GCA/028/743/435/GCA_028743435.1_ASM2874343v1,,assembly from type material,na,37,N/A
GCA_000739065.1,PRJNA242490,SAMN02951366,,representative genome,1301915,1301915,Methanocaldococcus bathoardescens,strain=JH146,,latest,Complete Genome,Major,Full,12/08/2014,ASM73906v1,Kyung Hee University,GCF_000739065.1,identical,https://ftp.ncbi.nlm.nih.gov/genomes/all/GCA/000/739/065/GCA_000739065.1_ASM73906v1,,assembly from type material,na,80,80.13
GCA_000023985.1,PRJNA32615,SAMN02598490,,representative genome,573064,83171,Methanocaldococcus fervens AG86,strain=AG86,,latest,Complete Genome,Major,Full,28/08/2009,ASM2398v1,US DOE Joint Genome Institute (JGI-PGF),GCF_000023985.1,identical,https://ftp.ncbi.nlm.nih.gov/genomes/all/GCA/000/023/985/GCA_000023985.1_ASM2398v1,,assembly from type material,na,85,78.91
GCA_000092305.1,PRJNA32611,SAMN00017484,,representative genome,573063,67760,Methanocaldococcus infernus ME,strain=ME,,latest,Complete Genome,Major,Full,30/04/2010,ASM9230v1,US DOE Joint Genome Institute (JGI-PGF),GCF_000092305.1,identical,https://ftp.ncbi.nlm.nih.gov/genomes/all/GCA/000/092/305/GCA_000092305.1_ASM9230v1,,assembly from type material,na,85,94.77
GCA_000091665.1,PRJNA102,SAMN02603984,,representative genome,243232,2190,Methanocaldococcus jannaschii DSM 2661,strain=DSM 2661,,latest,Complete Genome,Major,Full,22/12/1999,ASM9166v1,TIGR,GCF_000091665.1,identical,https://ftp.ncbi.nlm.nih.gov/genomes/all/GCA/000/091/665/GCA_000091665.1_ASM9166v1,,assembly from type material,na,80,80.74
GCA_000024625.1,PRJNA33047,SAMN02598493,,representative genome,579137,73913,Methanocaldococcus vulcanius M7,strain=M7,,latest,Complete Genome,Major,Full,15/10/2009,ASM2462v1,US DOE Joint Genome Institute (JGI-PGF),GCF_000024625.1,identical,https://ftp.ncbi.nlm.nih.gov/genomes/all/GCA/000/024/625/GCA_000024625.1_ASM2462v1,,assembly from type material,na,80,75.97
GCA_000063445.1,PRJNA19641,SAMEA3138262,,representative genome,351160,1175445,Methanocella arvoryzae MRE50,strain=MRE50,,latest,Complete Genome,Major,Full,12/10/2006,ASM6344v1,Max Planck Institute,GCF_000063445.1,identical,https://ftp.ncbi.nlm.nih.gov/genomes/all/GCA/000/063/445/GCA_000063445.1_ASM6344v1,,assembly from type material,na,45,41.49
GCA_000251105.1,PRJNA73221,SAMN02603117,,representative genome,1041930,1175444,Methanocella conradii HZ254,strain=HZ254,,latest,Complete Genome,Major,Full,07/03/2012,ASM25110v1,China Agricultural University,GCF_000251105.1,identical,https://ftp.ncbi.nlm.nih.gov/genomes/all/GCA/000/251/105/GCA_000251105.1_ASM25110v1,,assembly from type material,na,50,48.77
GCA_000011005.1,PRJDA20361,SAMD00060931,,representative genome,304371,570267,Methanocella paludicola SANAE,strain=SANAE,,latest,Complete Genome,Major,Full,25/12/2009,ASM1100v1,NITE,GCF_000011005.1,identical,https://ftp.ncbi.nlm.nih.gov/genomes/all/GCA/000/011/005/GCA_000011005.1_ASM1100v1,,assembly from type material,na,37,39.79
GCA_000013725.1,PRJNA9634,SAMN02598545,,representative genome,259564,29291,Methanococcoides burtonii DSM 6242,strain=DSM 6242,,latest,Complete Genome,Major,Full,10/04/2006,ASM1372v1,DOE Joint Genome Institute,GCF_000013725.1,identical,https://ftp.ncbi.nlm.nih.gov/genomes/all/GCA/000/013/725/GCA_000013725.1_ASM1372v1,,assembly from type material,na,21,43.37
GCA_000970325.1,PRJNA230935,SAMN03074571,,na,1434104,2226,Methanococcoides methylutens MM1,strain=MM1,,latest,Complete Genome,Major,Full,07/04/2015,ASM97032v1,University of Illinois at Urbana-Champaign,GCF_000970325.1,identical,https://ftp.ncbi.nlm.nih.gov/genomes/all/GCA/000/970/325/GCA_000970325.1_ASM97032v1,,,na,28,46.47
GCA_025449255.1,PRJNA622823,SAMN30825808,,na,42879,42879,Methanococcus aeolicus,strain=PL15/HP,,latest,Complete Genome,Major,Full,28/09/2022,ASM2544925v1,NEB,GCF_025449255.1,identical,https://ftp.ncbi.nlm.nih.gov/genomes/all/GCA/025/449/255/GCA_025449255.1_ASM2544925v1,,,na,38,47.58
GCA_000017185.1,PRJNA18641,SAMN00623051,,representative genome,419665,42879,Methanococcus aeolicus Nankai-3,strain=Nankai-3,,latest,Complete Genome,Major,Full,29/06/2007,ASM1718v1,US DOE Joint Genome Institute (JGI-PGF),GCF_000017185.1,identical,https://ftp.ncbi.nlm.nih.gov/genomes/all/GCA/000/017/185/GCA_000017185.1_ASM1718v1,,assembly from type material,na,38,47.36
GCA_002945325.1,PRJNA432904,SAMN08466362,,representative genome,39152,39152,Methanococcus maripaludis,strain=DSM 2067,,latest,Complete Genome,Major,Full,12/02/2018,ASM294532v1,Goettingen Genomics Laboratory,GCF_002945325.1,identical,https://ftp.ncbi.nlm.nih.gov/genomes/all/GCA/002/945/325/GCA_002945325.1_ASM294532v1,,assembly from type material,na,37,50.64
GCA_003052125.1,PRJNA378823,SAMN06562580,,na,39152,39152,Methanococcus maripaludis,strain=OS7mut1,,latest,Complete Genome,Major,Full,16/04/2018,ASM305212v1,Kagoshima University,GCF_003052125.1,identical,https://ftp.ncbi.nlm.nih.gov/genomes/all/GCA/003/052/125/GCA_003052125.1_ASM305212v1,,,na,37,N/A
GCA_000011585.1,PRJNA10632,SAMEA3138215,,na,267377,39152,Methanococcus maripaludis S2,strain=S2,,latest,Complete Genome,Major,Full,04/03/2004,ASM1158v1,University of Washington,GCF_000011585.1,identical,https://ftp.ncbi.nlm.nih.gov/genomes/all/GCA/000/011/585/GCA_000011585.1_ASM1158v1,,,na,37,50.72
GCA_000016125.1,PRJNA17641,SAMN02598397,,na,402880,39152,Methanococcus maripaludis C5,strain=C5,,latest,Complete Genome,Major,Full,15/03/2007,ASM1612v1,DOE Joint Genome Institute,GCF_000016125.1,identical,https://ftp.ncbi.nlm.nih.gov/genomes/all/GCA/000/016/125/GCA_000016125.1_ASM1612v1,,,na,37,53.09
GCA_000828535.1,PRJDA34063,SAMD00170763,,na,637914,39152,Methanococcus maripaludis KA1,strain=KA1,,latest,Complete Genome,Major,Full,01/10/2014,ASM82853v1,National Institute of Technology and Evaluation,GCF_000828535.1,identical,https://ftp.ncbi.nlm.nih.gov/genomes/all/GCA/000/828/535/GCA_000828535.1_ASM82853v1,,,na,37,50.18
GCA_000828555.1,PRJDA34065,SAMD00170764,,na,637915,39152,Methanococcus maripaludis OS7,strain=OS7,,latest,Complete Genome,Major,Full,01/10/2014,ASM82855v1,National Institute of Technology and Evaluation,GCF_000828555.1,identical,https://ftp.ncbi.nlm.nih.gov/genomes/all/GCA/000/828/555/GCA_000828555.1_ASM82855v1,,,na,37,50.83
GCA_000220645.1,PRJNA68579,SAMN02603718,,na,1053692,39152,Methanococcus maripaludis X1,strain=X1,,latest,Complete Genome,Major,Full,14/07/2011,ASM22064v1,"Ecosystem Sciences, Commonwealth Scientific and Industrial Research Organisation ",GCF_000220645.1,identical,https://ftp.ncbi.nlm.nih.gov/genomes/all/GCA/000/220/645/GCA_000220645.1_ASM22064v1,,,na,37,51.03
GCA_010706455.1,PRJNA557089,SAMN12565415,,na,2209,2209,Methanosarcina mazei,strain=zm-15,,latest,Complete Genome,Major,Full,18/02/2020,ASM1070645v1,Peking University,GCF_010706455.1,identical,https://ftp.ncbi.nlm.nih.gov/genomes/all/GCA/010/706/455/GCA_010706455.1_ASM1070645v1,,,na,37,51.47
GCA_019669945.1,PRJDB8302,SAMD00171895,,na,2209,2209,Methanosarcina mazei,strain=TMA,,latest,Complete Genome,Major,Full,02/06/2021,ASM1966994v1,"Soil Biology and Chemistry, Department of Applied Biosciences, Graduate School of Bioagricultural Sciences, Nagoya University",GCF_019669945.1,identical,https://ftp.ncbi.nlm.nih.gov/genomes/all/GCA/019/669/945/GCA_019669945.1_ASM1966994v1,,,na,37,50.45
GCA_000007065.1,PRJNA300,SAMN02603290,,representative genome,192952,2209,Methanosarcina mazei Go1,strain=Go1,,latest,Complete Genome,Major,Full,20/05/2002,ASM706v1,Gottingen Genomics Laboratory,GCF_000007065.1,identical,https://ftp.ncbi.nlm.nih.gov/genomes/all/GCA/000/007/065/GCA_000007065.1_ASM706v1,,,na,37,51.1
GCA_000970205.1,PRJNA230947,SAMN03074583,,na,213585,2209,Methanosarcina mazei S-6,strain=S-6,,latest,Complete Genome,Major,Full,07/04/2015,ASM97020v1,University of Illinois at Urbana-Champaign,GCF_000970205.1,identical,https://ftp.ncbi.nlm.nih.gov/genomes/all/GCA/000/970/205/GCA_000970205.1_ASM97020v1,,assembly from type material,na,37,51.27
GCA_000341715.1,PRJNA176295,SAMN02603746,,na,1236903,2209,Methanosarcina mazei Tuc01,strain=Tuc01,,latest,Complete Genome,Major,Full,22/02/2013,ASM34171v1,Rede Paraense de Genomica e Proteomica,GCF_000341715.1,identical,https://ftp.ncbi.nlm.nih.gov/genomes/all/GCA/000/341/715/GCA_000341715.1_ASM34171v1,,,na,37,51.01
GCA_000970245.1,PRJNA230945,SAMN03074581,,na,1434113,2209,Methanosarcina mazei C16,strain=C16,,latest,Complete Genome,Major,Full,07/04/2015,ASM97024v1,University of Illinois at Urbana-Champaign,GCF_000970245.1,identical,https://ftp.ncbi.nlm.nih.gov/genomes/all/GCA/000/970/245/GCA_000970245.1_ASM97024v1,,assembly from synonym type material,na,37,50.61
GCA_000970225.1,PRJNA230946,SAMN03074582,,na,1434114,2209,Methanosarcina mazei LYC,strain=LYC,,latest,Complete Genome,Major,Full,07/04/2015,ASM97022v1,University of Illinois at Urbana-Champaign,GCF_000970225.1,identical,https://ftp.ncbi.nlm.nih.gov/genomes/all/GCA/000/970/225/GCA_000970225.1_ASM97022v1,,,na,37,51.66
GCA_000970185.1,PRJNA230948,SAMN03074584,,na,1434115,2209,Methanosarcina mazei SarPi,strain=SarPi,,latest,Complete Genome,Major,Full,07/04/2015,ASM97018v1,University of Illinois at Urbana-Champaign,GCF_000970185.1,identical,https://ftp.ncbi.nlm.nih.gov/genomes/all/GCA/000/970/185/GCA_000970185.1_ASM97018v1,,,na,37,51.36
GCA_000970165.1,PRJNA230950,SAMN03074586,,na,1434117,2209,Methanosarcina mazei WWM610,strain=WWM610,,latest,Complete Genome,Major,Full,07/04/2015,ASM97016v1,University of Illinois at Urbana-Champaign,GCF_000970165.1,identical,https://ftp.ncbi.nlm.nih.gov/genomes/all/GCA/000/970/165/GCA_000970165.1_ASM97016v1,,,na,37,50.83
GCA_946463545.1,PRJEB53446,SAMEA110262234,,representative genome,523845,2186,Methanothermococcus thermolithotrophicus DSM 2095,,M. thermolithotrophicus DSM 2095,latest,Complete Genome,Major,Full,31/08/2022,Mth-DSM-2095-CCS-WG,Max Planck Institute for Marine Microbiology,GCF_946463545.1,identical,https://ftp.ncbi.nlm.nih.gov/genomes/all/GCA/946/463/545/GCA_946463545.1_Mth-DSM-2095-CCS-WG,,,na,60,N/A
GCA_000017165.1,PRJNA17889,SAMN02598403,,representative genome,406327,2187,Methanococcus vannielii SB,strain=SB,,latest,Complete Genome,Major,Full,29/06/2007,ASM1716v1,US DOE Joint Genome Institute (JGI-PGF),GCF_000017165.1,identical,https://ftp.ncbi.nlm.nih.gov/genomes/all/GCA/000/017/165/GCA_000017165.1_ASM1716v1,,assembly from type material,na,36,53.27
GCA_000015765.1,PRJNA18109,SAMN00623052,,representative genome,410358,83984,Methanocorpusculum labreanum Z,strain=Z,,latest,Complete Genome,Major,Full,01/02/2007,ASM1576v1,DOE Joint Genome Institute,GCF_000015765.1,identical,https://ftp.ncbi.nlm.nih.gov/genomes/all/GCA/000/015/765/GCA_000015765.1_ASM1576v1,,assembly from type material,na,37,40.05
GCA_900036045.1,PRJEB12532,SAMEA3857231,,na,83986,83986,Methanoculleus bourgensis,,Methanoculleus sp MAB1,latest,Complete Genome,Major,Full,15/02/2016,Methanoculleus sp MAB1,SLU,GCF_900036045.1,identical,https://ftp.ncbi.nlm.nih.gov/genomes/all/GCA/900/036/045/GCA_900036045.1_Methanoculleus_sp_MAB1,,,na,37,55.34
GCA_900079125.1,PRJEB13327,SAMEA3921042,,na,83986,83986,Methanoculleus bourgensis,,BA1,latest,Complete Genome,Major,Full,05/05/2016,MBBA,CEBITEC,GCF_900079125.1,identical,https://ftp.ncbi.nlm.nih.gov/genomes/all/GCA/900/079/125/GCA_900079125.1_MBBA,contaminated,,na,37,61.13
GCA_000304355.2,PRJEB167,SAMEA2272323,,representative genome,1201294,83986,Methanoculleus bourgensis MS2,strain=MS2T,,latest,Complete Genome,Major,Full,04/02/2014,Mb_MS2,irena.maus,GCF_000304355.2,identical,https://ftp.ncbi.nlm.nih.gov/genomes/all/GCA/000/304/355/GCA_000304355.2_Mb_MS2,,assembly from type material,na,37,59.14
GCA_019669965.1,PRJDB8303,SAMD00171896,,representative genome,118126,118126,Methanoculleus chikugoensis,strain=MG62,,latest,Complete Genome,Major,Full,02/06/2021,ASM1966996v1,"Soil Biology and Chemistry, Department of Applied Biosciences, Graduate School of Bioagricultural Sciences, Nagoya University",GCF_019669965.1,identical,https://ftp.ncbi.nlm.nih.gov/genomes/all/GCA/019/669/965/GCA_019669965.1_ASM1966996v1,,assembly from type material,na,28,59.92
GCA_000015825.1,PRJNA16330,SAMN02598365,,representative genome,368407,2198,Methanoculleus marisnigri JR1,strain=JR1,,latest,Complete Genome,Major,Full,16/02/2007,ASM1582v1,DOE Joint Genome Institute,GCF_000015825.1,identical,https://ftp.ncbi.nlm.nih.gov/genomes/all/GCA/000/015/825/GCA_000015825.1_ASM1582v1,,assembly from type material,na,34,60.28
GCA_025914035.1,PRJNA891094,SAMN31309218,,representative genome,204050,204050,Methanoculleus submarinus,strain=DSM 15122,,latest,Complete Genome,Major,Full,31/10/2022,ASM2591403v1,National Chung Hsing University,GCF_025914035.1,identical,https://ftp.ncbi.nlm.nih.gov/genomes/all/GCA/025/914/035/GCA_025914035.1_ASM2591403v1,,assembly from type material,na,37,60.88
GCA_017357525.1,PRJNA269558,SAMN03254450,,representative genome,126734,126734,Methanofollis aquaemaris,strain=N2F9704,,latest,Complete Genome,Major,Full,16/03/2021,ASM1735752v1,National Chung Hsing University,GCF_017357525.1,identical,https://ftp.ncbi.nlm.nih.gov/genomes/all/GCA/017/357/525/GCA_017357525.1_ASM1735752v1,,assembly from type material,na,37,51.18
GCA_026684035.1,PRJNA905568,SAMN31875339,,representative genome,2199,2199,Methanogenium organophilum,strain=DSM 3596,,latest,Complete Genome,Major,Full,06/12/2022,ASM2668403v1,National Chung Hsing University,GCF_026684035.1,identical,https://ftp.ncbi.nlm.nih.gov/genomes/all/GCA/026/684/035/GCA_026684035.1_ASM2668403v1,,assembly from type material,na,30,43.05
GCA_000196655.1,PRJNA37945,SAMN00015125,,representative genome,644295,2322,Methanohalobium evestigatum Z-7303,strain=Z-7303,,latest,Complete Genome,Major,Full,15/06/2010,ASM19665v1,US DOE Joint Genome Institute,GCF_000196655.1,identical,https://ftp.ncbi.nlm.nih.gov/genomes/all/GCA/000/196/655/GCA_000196655.1_ASM19665v1,,assembly from type material,na,50,37.72
GCA_001889405.1,PRJNA342410,SAMN05756399,,representative genome,2177,2177,Methanohalophilus halophilus,strain=Z-7982,,latest,Complete Genome,Major,Full,06/12/2016,ASM188940v1,UBO,GCF_001889405.1,identical,https://ftp.ncbi.nlm.nih.gov/genomes/all/GCA/001/889/405/GCA_001889405.1_ASM188940v1,,assembly from type material,na,30,42.78
GCA_000025865.1,PRJNA30711,SAMN02598474,,representative genome,547558,2176,Methanohalophilus mahii DSM 5219,strain=DSM 5219,,latest,Complete Genome,Major,Full,31/03/2010,ASM2586v1,US DOE Joint Genome Institute (JGI-PGF),GCF_000025865.1,identical,https://ftp.ncbi.nlm.nih.gov/genomes/all/GCA/000/025/865/GCA_000025865.1_ASM2586v1,,assembly from type material,na,37,42.91
GCA_000147875.1,PRJNA40773,SAMN00017400,,representative genome,679926,54120,Methanolacinia petrolearia DSM 11571,strain=DSM 11571,,latest,Complete Genome,Major,Full,17/09/2010,ASM14787v1,US DOE Joint Genome Institute (JGI-PGF),GCF_000147875.1,identical,https://ftp.ncbi.nlm.nih.gov/genomes/all/GCA/000/147/875/GCA_000147875.1_ASM14787v1,,assembly from type material,na,37,45.93
GCA_013388255.1,PRJNA641069,SAMN15340093,,representative genome,536044,536044,Methanolobus zinderi,strain=DSM 21339,,latest,Complete Genome,Major,Full,04/07/2020,ASM1338825v1,National Chung Hsing University,GCF_013388255.1,identical,https://ftp.ncbi.nlm.nih.gov/genomes/all/GCA/013/388/255/GCA_013388255.1_ASM1338825v1,,assembly from type material,na,37,47.86
GCA_000328665.1,PRJNA50749,SAMN02261367,,representative genome,867904,101192,Methanomethylovorans hollandica DSM 15978,strain=DSM 15978,,latest,Complete Genome,Major,Full,28/12/2012,ASM32866v1,JGI,GCF_000328665.1,identical,https://ftp.ncbi.nlm.nih.gov/genomes/all/GCA/000/328/665/GCA_000328665.1_ASM32866v1,,assembly from type material,na,37,42.79
GCA_029633915.1,PRJNA798152,SAMN25047802,,na,487686,487686,Methanomicrobium antiquum,strain=DSM 21220,,latest,Complete Genome,Major,Full,10/04/2023,ASM2963391v1,National Chung Hsing University,GCF_029633915.1,identical,https://ftp.ncbi.nlm.nih.gov/genomes/all/GCA/029/633/915/GCA_029633915.1_ASM2963391v1,,assembly from type material,na,35,42.22
GCA_024662215.1,PRJNA801442,SAMN25349865,,representative genome,33865,33865,Methanoplanus endosymbiosus,strain=DSM 3599,,latest,Complete Genome,Major,Full,15/08/2022,ASM2466221v1,National Chung Hsing University,GCF_024662215.1,identical,https://ftp.ncbi.nlm.nih.gov/genomes/all/GCA/024/662/215/GCA_024662215.1_ASM2466221v1,,assembly from type material,na,30,42.27
GCA_000007185.1,PRJNA294,SAMN02603235,,representative genome,190192,2320,Methanopyrus kandleri AV19,strain=AV19,,latest,Complete Genome,Major,Full,03/04/2002,ASM718v1,Fidelity Systems,GCF_000007185.1,identical,https://ftp.ncbi.nlm.nih.gov/genomes/all/GCA/000/007/185/GCA_000007185.1_ASM718v1,,assembly from type material,na,98,112.44
GCA_000017625.1,PRJNA18505,SAMN02598409,,representative genome,456442,358766,Methanoregula boonei 6A8,strain=6A8,,latest,Complete Genome,Major,Full,26/07/2007,ASM1762v1,US DOE Joint Genome Institute,GCF_000017625.1,identical,https://ftp.ncbi.nlm.nih.gov/genomes/all/GCA/000/017/625/GCA_000017625.1_ASM1762v1,,assembly from type material,na,28,34.86
GCA_000327485.1,PRJNA63567,SAMN02232038,,representative genome,593750,882104,Methanoregula formicica SMSP,strain=SMSP,,latest,Complete Genome,Major,Full,21/12/2012,ASM32748v1,DOE Joint Genome Institute,GCF_000327485.1,identical,https://ftp.ncbi.nlm.nih.gov/genomes/all/GCA/000/327/485/GCA_000327485.1_ASM32748v1,,assembly from type material,na,30,37.97
GCA_000235565.1,PRJNA76151,SAMN02603883,,representative genome,1110509,301375,Methanothrix harundinacea 6Ac,strain=6Ac,,latest,Complete Genome,Major,Full,16/11/2011,ASM23556v1,"State Key Laboratory of Microbial Resources, Institute of Microbiology, Chinese Academy of Sciences",GCF_000235565.1,identical,https://ftp.ncbi.nlm.nih.gov/genomes/all/GCA/000/235/565/GCA_000235565.1_ASM23556v1,,,na,37,64.32
GCA_000217995.1,PRJNA40771,SAMN02232039,,representative genome,679901,39669,Methanosalsum zhilinae DSM 4017,strain=DSM 4017,,latest,Complete Genome,Major,Full,13/06/2011,ASM21799v1,US DOE Joint Genome Institute (JGI-PGF),GCF_000217995.1,identical,https://ftp.ncbi.nlm.nih.gov/genomes/all/GCA/000/217/995/GCA_000217995.1_ASM21799v1,,assembly from type material,na,41,48.5
GCA_000007345.1,PRJNA290,SAMN03081414,,representative genome,188937,2214,Methanosarcina acetivorans C2A,strain=C2A,,latest,Complete Genome,Major,Full,03/04/2002,ASM734v1,Broad Institute,GCF_000007345.1,identical,https://ftp.ncbi.nlm.nih.gov/genomes/all/GCA/000/007/345/GCA_000007345.1_ASM734v1,,assembly from type material,na,37,47.42
GCA_001027005.1,PRJNA49587,SAMN02866457,,na,796385,2208,Methanosarcina barkeri CM1,strain=CM1,,latest,Complete Genome,Major,Full,03/06/2015,ASM102700v1,PGgRc,GCF_001027005.1,identical,https://ftp.ncbi.nlm.nih.gov/genomes/all/GCA/001/027/005/GCA_001027005.1_ASM102700v1,,,na,35,45.35
GCA_000970065.1,PRJNA230937,SAMN03074573,,representative genome,1434106,2208,Methanosarcina barkeri 227,strain=227,,latest,Complete Genome,Major,Full,07/04/2015,ASM97006v1,University of Illinois at Urbana-Champaign,GCF_000970065.1,identical,https://ftp.ncbi.nlm.nih.gov/genomes/all/GCA/000/970/065/GCA_000970065.1_ASM97006v1,,,na,35,45.05
GCA_000970305.1,PRJNA230938,SAMN03074574,,na,1434107,2208,Methanosarcina barkeri 3,strain=3,,latest,Complete Genome,Major,Full,07/04/2015,ASM97030v1,University of Illinois at Urbana-Champaign,GCF_000970305.1,identical,https://ftp.ncbi.nlm.nih.gov/genomes/all/GCA/000/970/305/GCA_000970305.1_ASM97030v1,,,na,35,45.22
GCA_000970025.1,PRJNA230939,SAMN03074575,,na,1434108,2208,Methanosarcina barkeri MS,strain=MS,,latest,Complete Genome,Major,Full,07/04/2015,ASM97002v1,University of Illinois at Urbana-Champaign,GCF_000970025.1,identical,https://ftp.ncbi.nlm.nih.gov/genomes/all/GCA/000/970/025/GCA_000970025.1_ASM97002v1,,assembly from type material,na,35,45.03
GCA_000969985.1,PRJNA230940,SAMN03074576,,na,1434109,2208,Methanosarcina barkeri str. Wiesmoor,strain=Wiesmoor,,latest,Complete Genome,Major,Full,07/04/2015,ASM96998v1,University of Illinois at Urbana-Champaign,GCF_000969985.1,identical,https://ftp.ncbi.nlm.nih.gov/genomes/all/GCA/000/969/985/GCA_000969985.1_ASM96998v1,,,na,35,44.58
GCA_001304615.2,PRJNA295508,SAMN04074913,,representative genome,1715806,1715806,Methanosarcina flavescens,strain=E03.2,,latest,Complete Genome,Major,Full,16/10/2018,ASM130461v2,BioPara,GCF_001304615.2,identical,https://ftp.ncbi.nlm.nih.gov/genomes/all/GCA/001/304/615/GCA_001304615.2_ASM130461v2,,assembly from type material,na,45,54.28
GCA_000970285.1,PRJNA230942,SAMN03074578,,representative genome,1434110,418008,Methanosarcina horonobensis HB-1 = JCM 15518,strain=HB-1,,latest,Complete Genome,Major,Full,07/04/2015,ASM97028v1,University of Illinois at Urbana-Champaign,GCF_000970285.1,identical,https://ftp.ncbi.nlm.nih.gov/genomes/all/GCA/000/970/285/GCA_000970285.1_ASM97028v1,,assembly from type material,na,37,50.44
GCA_000970265.1,PRJNA230943,SAMN03074579,,representative genome,1434111,170861,Methanosarcina lacustris Z-7289,strain=Z-7289,,latest,Complete Genome,Major,Full,07/04/2015,ASM97026v1,University of Illinois at Urbana-Champaign,GCF_000970265.1,identical,https://ftp.ncbi.nlm.nih.gov/genomes/all/GCA/000/970/265/GCA_000970265.1_ASM97026v1,,,na,23,47.68
GCA_000970145.1,PRJNA230951,SAMN03074587,,na,1434118,38027,Methanosarcina siciliae C2J,strain=C2J,,latest,Complete Genome,Major,Full,07/04/2015,ASM97014v1,University of Illinois at Urbana-Champaign,GCF_000970145.1,identical,https://ftp.ncbi.nlm.nih.gov/genomes/all/GCA/000/970/145/GCA_000970145.1_ASM97014v1,,,na,37,47.04
GCA_000970125.1,PRJNA230952,SAMN03074588,,na,1434119,38027,Methanosarcina siciliae HI350,strain=HI350,,latest,Complete Genome,Major,Full,07/04/2015,ASM97012v1,University of Illinois at Urbana-Champaign,GCF_000970125.1,identical,https://ftp.ncbi.nlm.nih.gov/genomes/all/GCA/000/970/125/GCA_000970125.1_ASM97012v1,,,na,37,47.71
GCA_000970085.1,PRJNA230953,SAMN03074589,,representative genome,1434120,38027,Methanosarcina siciliae T4/M,strain=T4/M,,latest,Complete Genome,Major,Full,07/04/2015,ASM97008v1,University of Illinois at Urbana-Champaign,GCF_000970085.1,identical,https://ftp.ncbi.nlm.nih.gov/genomes/all/GCA/000/970/085/GCA_000970085.1_ASM97008v1,,assembly from type material,na,37,47.74
GCA_003584605.1,PRJDB5067,SAMD00060421,,na,2210,2210,Methanosarcina thermophila,strain=MT-1,,latest,Complete Genome,Major,Full,07/12/2016,ASM358460v1,Tokyo University of Pharmacy and Life Sciences,na,na,https://ftp.ncbi.nlm.nih.gov/genomes/all/GCA/003/584/605/GCA_003584605.1_ASM358460v1,RefSeq annotation failed; derived from environmental source; incomplete metagenome,,na,51,53.71
GCA_000969885.1,PRJNA230961,SAMN03074597,,representative genome,523844,2210,Methanosarcina thermophila TM-1,strain=TM-1,,latest,Complete Genome,Major,Full,07/04/2015,ASM96988v1,University of Illinois at Urbana-Champaign,GCF_000969885.1,identical,https://ftp.ncbi.nlm.nih.gov/genomes/all/GCA/000/969/885/GCA_000969885.1_ASM96988v1,,assembly from type material,na,51,54.29
GCA_000969925.1,PRJNA230959,SAMN03074595,,na,1434121,2210,Methanosarcina thermophila CHTI-55,strain=CHTI-55,,latest,Complete Genome,Major,Full,07/04/2015,ASM96992v1,University of Illinois at Urbana-Champaign,GCF_000969925.1,identical,https://ftp.ncbi.nlm.nih.gov/genomes/all/GCA/000/969/925/GCA_000969925.1_ASM96992v1,,,na,51,54.07
GCA_000969905.1,PRJNA230962,SAMN03074598,,representative genome,1434123,2215,Methanosarcina vacuolata Z-761,strain=Z-761,,latest,Complete Genome,Major,Full,07/04/2015,ASM96990v1,University of Illinois at Urbana-Champaign,GCF_000969905.1,identical,https://ftp.ncbi.nlm.nih.gov/genomes/all/GCA/000/969/905/GCA_000969905.1_ASM96990v1,,assembly from type material,na,37,45.81
GCA_902384015.1,PRJEB33885,SAMEA5851668,,representative genome,2317,2317,Methanosphaera stadtmanae,,MGYG-HGUT-02164,latest,Complete Genome,Major,Full,10/08/2019,UHGG_MGYG-HGUT-02164,EMG,GCF_902384015.1,identical,https://ftp.ncbi.nlm.nih.gov/genomes/all/GCA/902/384/015/GCA_902384015.1_UHGG_MGYG-HGUT-02164,,,na,37,N/A
GCA_000012545.1,PRJNA15579,SAMN02604180,,na,339860,2317,Methanosphaera stadtmanae DSM 3091,strain=DSM 3091,,latest,Complete Genome,Major,Full,05/01/2006,ASM1254v1,University of Goettingen,GCF_000012545.1,identical,https://ftp.ncbi.nlm.nih.gov/genomes/all/GCA/000/012/545/GCA_000012545.1_ASM1254v1,,assembly from type material,na,37,36.82
GCA_000021965.1,PRJNA29381,SAMN00001866,,representative genome,521011,475088,Methanosphaerula palustris E1-9c,strain=E1-9c,,latest,Complete Genome,Major,Full,05/01/2009,ASM2196v1,US DOE Joint Genome Institute (JGI-PGF),GCF_000021965.1,identical,https://ftp.ncbi.nlm.nih.gov/genomes/all/GCA/000/021/965/GCA_000021965.1_ASM2196v1,,assembly from type material,na,28,38.66
GCA_019263745.1,PRJNA739174,SAMN19775401,,na,2203,2203,Methanospirillum hungatei,strain=GP1,,latest,Complete Genome,Major,Full,16/07/2021,ASM1926374v1,University of Minnesota,GCF_019263745.1,identical,https://ftp.ncbi.nlm.nih.gov/genomes/all/GCA/019/263/745/GCA_019263745.1_ASM1926374v1,,,na,37,45.02
GCA_000013445.1,PRJNA13015,SAMN02598287,,representative genome,323259,2203,Methanospirillum hungatei JF-1,strain=JF-1,,latest,Complete Genome,Major,Full,17/02/2006,ASM1344v1,DOE Joint Genome Institute,GCF_000013445.1,identical,https://ftp.ncbi.nlm.nih.gov/genomes/all/GCA/000/013/445/GCA_000013445.1_ASM1344v1,,assembly from type material,na,37,46.5
GCA_000145295.1,PRJNA40103,SAMN02603260,,representative genome,79929,145263,Methanothermobacter marburgensis str. Marburg,strain=Marburg,,latest,Complete Genome,Major,Full,11/08/2010,ASM14529v1,Georg-August-University Goettingen,GCF_000145295.1,identical,https://ftp.ncbi.nlm.nih.gov/genomes/all/GCA/000/145/295/GCA_000145295.1_ASM14529v1,,assembly from type material,na,60,74.96
GCA_027555065.1,PRJNA674001,SAMN16623210,,na,145263,145263,Methanothermobacter marburgensis,strain=Marburg,,latest,Complete Genome,Major,Full,03/01/2023,ASM2755506v1,University of Tuebingen,GCF_027555065.1,identical,https://ftp.ncbi.nlm.nih.gov/genomes/all/GCA/027/555/065/GCA_027555065.1_ASM2755506v1,,assembly from type material,na,60,75.12
GCA_023167465.1,PRJDB13305,SAMD00451045,,representative genome,680118,680118,Methanothermobacter tenebrarum,strain=RMAS,,latest,Complete Genome,Major,Full,07/04/2022,ASM2316746v1,"Faculty of Applied Biological Sciences, Gifu University",GCF_023167465.1,identical,https://ftp.ncbi.nlm.nih.gov/genomes/all/GCA/023/167/465/GCA_023167465.1_ASM2316746v1,,assembly from type material,na,70,66.21
GCA_000179575.2,PRJNA43653,SAMN00100784,,representative genome,647113,155863,Methanothermococcus okinawensis IH1,strain=IH1,,latest,Complete Genome,Major,Full,06/06/2011,ASM17957v2,US DOE Joint Genome Institute (JGI-PGF),GCF_000179575.2,identical,https://ftp.ncbi.nlm.nih.gov/genomes/all/GCA/000/179/575/GCA_000179575.2_ASM17957v2,,assembly from type material,na,65,54.38
GCA_000166095.1,PRJNA33689,SAMN02232040,,representative genome,523846,2180,Methanothermus fervidus DSM 2088,strain=DSM 2088,,latest,Complete Genome,Major,Full,05/11/2010,ASM16609v1,US DOE Joint Genome Institute (JGI-PGF),GCF_000166095.1,identical,https://ftp.ncbi.nlm.nih.gov/genomes/all/GCA/000/166/095/GCA_000166095.1_ASM16609v1,,assembly from type material,na,81,59.1
GCA_000204415.1,PRJNA63185,SAMN02604263,,representative genome,990316,2223,Methanothrix soehngenii GP6,strain=GP6,,latest,Complete Genome,Major,Full,15/04/2011,ASM20441v1,University of Wisconsin-Parkside,GCF_000204415.1,identical,https://ftp.ncbi.nlm.nih.gov/genomes/all/GCA/000/204/415/GCA_000204415.1_ASM20441v1,,assembly from synonym type material,na,35,49.63
GCA_000014945.1,PRJNA15765,SAMN02598350,,representative genome,349307,2224,Methanothrix thermoacetophila PT,strain=PT,,latest,Complete Genome,Major,Full,25/10/2006,ASM1494v1,US DOE Joint Genome Institute,GCF_000014945.1,identical,https://ftp.ncbi.nlm.nih.gov/genomes/all/GCA/000/014/945/GCA_000014945.1_ASM1494v1,,assembly from synonym type material,na,58,73.54
GCA_000214415.1,PRJNA51821,SAMN00713627,,representative genome,880724,2189,Methanotorris igneus Kol 5,strain=Kol 5,,latest,Complete Genome,Major,Full,23/05/2011,ASM21441v1,US DOE Joint Genome Institute,GCF_000214415.1,identical,https://ftp.ncbi.nlm.nih.gov/genomes/all/GCA/000/214/415/GCA_000214415.1_ASM21441v1,,assembly from type material,na,85,75.24
GCA_000025625.1,PRJNA30691,SAMN02598473,,representative genome,547559,13769,Natrialba magadii ATCC 43099,strain=ATCC 43099,,latest,Complete Genome,Major,Full,24/02/2010,ASM2562v1,US DOE Joint Genome Institute (JGI-PGF),GCF_000025625.1,identical,https://ftp.ncbi.nlm.nih.gov/genomes/all/GCA/000/025/625/GCA_000025625.1_ASM2562v1,,assembly from type material,na,37,44.04
GCA_005890195.1,PRJNA412908,SAMN11840646,,representative genome,69527,69527,Natrinema pallidum,strain=BOL6-1,,latest,Complete Genome,Major,Full,30/05/2019,ASM589019v1,University of Maryland,GCF_005890195.1,identical,https://ftp.ncbi.nlm.nih.gov/genomes/all/GCA/005/890/195/GCA_005890195.1_ASM589019v1,,,na,37,48.32
GCA_000230735.3,PRJNA52951,SAMN02261373,,representative genome,797303,69525,Natrinema pellirubrum DSM 15624,strain=DSM 15624,,latest,Complete Genome,Major,Full,27/12/2012,ASM23073v3,JGI,GCF_000230735.2,identical,https://ftp.ncbi.nlm.nih.gov/genomes/all/GCA/000/230/735/GCA_000230735.3_ASM23073v3,,assembly from type material,na,37,52.27
GCA_005576615.1,PRJNA412908,SAMN11637627,,na,88724,88724,Natrinema versiforme,strain=BOL5-4,,latest,Complete Genome,Major,Full,22/05/2019,ASM557661v1,University of Maryland,GCF_005576615.1,identical,https://ftp.ncbi.nlm.nih.gov/genomes/all/GCA/005/576/615/GCA_005576615.1_ASM557661v1,,,na,37,51.88
GCA_000230715.3,PRJNA60135,SAMN02232042,,representative genome,797304,44930,Natronobacterium gregoryi SP2,strain=SP2,,latest,Complete Genome,Major,Full,10/12/2012,ASM23071v3,DOE Joint Genome Institute,GCF_000230715.2,identical,https://ftp.ncbi.nlm.nih.gov/genomes/all/GCA/000/230/715/GCA_000230715.3_ASM23071v3,,assembly from type material,na,37,59.68
GCA_000328685.1,PRJNA46985,SAMN02261263,,representative genome,694430,29288,Natronococcus occultus SP4,strain=SP4,,latest,Complete Genome,Major,Full,28/12/2012,ASM32868v1,JGI,GCF_000328685.1,identical,https://ftp.ncbi.nlm.nih.gov/genomes/all/GCA/000/328/685/GCA_000328685.1_ASM32868v1,,assembly from type material,na,37,62.52
GCA_000591055.1,PRJEA50649,SAMEA3138954,,representative genome,268739,416273,Natronomonas moolapensis 8.8.11,strain=8.8.11,,latest,Complete Genome,Major,Full,21/02/2013,ASM59105v1,Max-Planck-Institute of Biochemistry,GCF_000591055.1,identical,https://ftp.ncbi.nlm.nih.gov/genomes/all/GCA/000/591/055/GCA_000591055.1_ASM59105v1,,assembly from type material,na,37,49.62
GCA_004799645.1,PRJNA482706,SAMN09711300,,representative genome,61858,61858,Natronorubrum bangense,strain=JCM 10635,,latest,Complete Genome,Major,Full,18/04/2019,ASM479964v1,Wuhan University,GCF_004799645.1,identical,https://ftp.ncbi.nlm.nih.gov/genomes/all/GCA/004/799/645/GCA_004799645.1_ASM479964v1,,assembly from type material,na,37,51.16
GCA_000698785.1,PRJEA60103,SAMN02721150,,representative genome,926571,1034015,Nitrososphaera viennensis EN76,strain=EN76,,latest,Complete Genome,Major,Full,06/06/2014,ASM69878v1,University of Vienna,GCF_000698785.1,identical,https://ftp.ncbi.nlm.nih.gov/genomes/all/GCA/000/698/785/GCA_000698785.1_ASM69878v1,,assembly from type material,na,42,24.77
GCA_024760425.1,PRJNA870303,SAMN30360716,,na,1034015,1034015,Nitrososphaera viennensis,strain=PLX03,,latest,Complete Genome,Major,Full,29/08/2022,ASM2476042v1,China University of Geosciences,GCF_024760425.1,identical,https://ftp.ncbi.nlm.nih.gov/genomes/all/GCA/024/760/425/GCA_024760425.1_ASM2476042v1,,,na,42,24.62
GCA_025244945.1,PRJNA870303,SAMN30723098,,na,1034015,1034015,Nitrososphaera viennensis,strain=PLX03,,latest,Complete Genome,Major,Full,18/09/2022,ASM2524494v1,China University of Geosciences,GCF_025244945.1,identical,https://ftp.ncbi.nlm.nih.gov/genomes/all/GCA/025/244/945/GCA_025244945.1_ASM2524494v1,,,na,42,N/A
GCA_000725425.1,PRJNA207495,SAMN03081469,,representative genome,1343739,971279,Palaeococcus pacificus DY20341,strain=DY20341,,latest,Complete Genome,Major,Full,14/07/2014,ASM72542v1,"The third institute of oceanography of SOA,PRChina",GCF_000725425.1,identical,https://ftp.ncbi.nlm.nih.gov/genomes/all/GCA/000/725/425/GCA_000725425.1_ASM72542v1,,assembly from type material,na,80,86.13
GCA_000008265.1,PRJNA10641,SAMN02603345,,representative genome,1122961,46632,Picrophilus oshimae DSM 9789,strain=DSM 9790,,latest,Complete Genome,Major,Full,08/06/2004,ASM826v1,"Institut of Microbiology and Genetics, University of Goettingen",GCF_000008265.1,identical,https://ftp.ncbi.nlm.nih.gov/genomes/all/GCA/000/008/265/GCA_000008265.1_ASM826v1,,assembly from synonym type material,na,57,55.69
GCA_000007225.1,PRJNA172,SAMN02604075,,representative genome,178306,13773,Pyrobaculum aerophilum str. IM2,strain=IM2,,latest,Complete Genome,Major,Full,24/01/2002,ASM722v1,UCLA/CalTech,GCF_000007225.1,identical,https://ftp.ncbi.nlm.nih.gov/genomes/all/GCA/000/007/225/GCA_000007225.1_ASM722v1,,assembly from type material,na,98,91.34
GCA_000016385.1,PRJNA15582,SAMN02598330,,representative genome,340102,121277,Pyrobaculum arsenaticum DSM 13514,strain=DSM 13514,,latest,Complete Genome,Major,Full,16/04/2007,ASM1638v1,DOE Joint Genome Institute,GCF_000016385.1,identical,https://ftp.ncbi.nlm.nih.gov/genomes/all/GCA/000/016/385/GCA_000016385.1_ASM1638v1,,assembly from type material,na,95,89.74
GCA_000015805.1,PRJNA18111,SAMN00623060,,representative genome,410359,181486,Pyrobaculum calidifontis JCM 11548,strain=JCM 11548,,latest,Complete Genome,Major,Full,27/02/2007,ASM1580v1,DOE Joint Genome Institute,GCF_000015805.1,identical,https://ftp.ncbi.nlm.nih.gov/genomes/all/GCA/000/015/805/GCA_000015805.1_ASM1580v1,,assembly from type material,na,90,92.57
GCA_000234805.1,PRJNA74711,SAMN02603094,,representative genome,1104324,1104324,Pyrobaculum ferrireducens,strain=1860,,latest,Complete Genome,Major,Full,10/11/2011,ASM23480v1,Centre Bioengineering RAS,GCF_000234805.1,identical,https://ftp.ncbi.nlm.nih.gov/genomes/all/GCA/000/234/805/GCA_000234805.1_ASM23480v1,,assembly from type material,na,90,95.46
GCA_000015205.1,PRJNA16743,SAMN02598374,,representative genome,384616,2277,Pyrobaculum islandicum DSM 4184,strain=DSM 4184,,latest,Complete Genome,Major,Full,20/12/2006,ASM1520v1,DOE Joint Genome Institute,GCF_000015205.1,identical,https://ftp.ncbi.nlm.nih.gov/genomes/all/GCA/000/015/205/GCA_000015205.1_ASM1520v1,,assembly from type material,na,95,98.11
GCA_000019805.1,PRJNA15645,SAMN02598332,,representative genome,444157,70771,Pyrobaculum neutrophilum V24Sta,strain=V24Sta,,latest,Complete Genome,Major,Full,27/03/2008,ASM1980v1,US DOE Joint Genome Institute (JGI-PGF),GCF_000019805.1,identical,https://ftp.ncbi.nlm.nih.gov/genomes/all/GCA/000/019/805/GCA_000019805.1_ASM1980v1,,assembly from type material,na,85,96.49
GCA_000247545.1,PRJNA42375,SAMN02604076,,na,698757,99007,Pyrobaculum oguniense TE7,strain=TE7,,latest,Complete Genome,Major,Full,10/02/2012,ASM24754v1,UCSC-Lowelab,GCF_000247545.1,identical,https://ftp.ncbi.nlm.nih.gov/genomes/all/GCA/000/247/545/GCA_000247545.1_ASM24754v1,missing rRNA genes,assembly from type material,na,90,89.78
GCA_000195935.2,PRJNA179,SAMEA3283067,,representative genome,272844,29292,Pyrococcus abyssi GE5,strain=Orsay,,latest,Complete Genome,Major,Full,06/05/2003,ASM19593v2,Genoscope,GCF_000195935.2,identical,https://ftp.ncbi.nlm.nih.gov/genomes/all/GCA/000/195/935/GCA_000195935.2_ASM19593v2,,assembly from type material,na,90,100.01
GCA_000007305.1,PRJNA287,SAMN02604284,,na,186497,2261,Pyrococcus furiosus DSM 3638,strain=DSM 3638,,latest,Complete Genome,Major,Full,27/02/2002,ASM730v1,Utah Genome Center,GCF_000007305.1,identical,https://ftp.ncbi.nlm.nih.gov/genomes/all/GCA/000/007/305/GCA_000007305.1_ASM730v1,,assembly from type material,na,96,97.54
GCA_008245085.1,PRJNA382684,SAMN06711904,,representative genome,186497,2261,Pyrococcus furiosus DSM 3638,strain=DSM 3638,,latest,Complete Genome,Major,Full,03/09/2019,ASM824508v1,University Regensburg,GCF_008245085.1,identical,https://ftp.ncbi.nlm.nih.gov/genomes/all/GCA/008/245/085/GCA_008245085.1_ASM824508v1,,assembly from type material,na,96,98.31
GCA_000275605.1,PRJNA163827,SAMN02603219,,na,1185654,2261,Pyrococcus furiosus COM1,strain=COM1,,latest,Complete Genome,Major,Full,29/06/2012,ASM27560v1,ENIGMA- Ecosystems and Networks Integrated with Genes and Molecular Assemblies,GCF_000275605.1,identical,https://ftp.ncbi.nlm.nih.gov/genomes/all/GCA/000/275/605/GCA_000275605.1_ASM27560v1,,,na,96,98.04
GCA_000011105.1,PRJNA207,SAMD00061090,,representative genome,70601,53953,Pyrococcus horikoshii OT3,strain=OT3,,latest,Complete Genome,Major,Full,11/05/2004,ASM1110v1,NITE,GCF_000011105.1,identical,https://ftp.ncbi.nlm.nih.gov/genomes/all/GCA/000/011/105/GCA_000011105.1_ASM1110v1,,assembly from type material,na,95,91.03
GCA_001577775.1,PRJNA274214,SAMN03323778,,representative genome,1609559,1609559,Pyrococcus kukulkanii,strain=NCB100,,latest,Complete Genome,Major,Full,29/02/2016,ASM157777v1,Ecole Normale Superieure de Lyon,GCF_001577775.1,identical,https://ftp.ncbi.nlm.nih.gov/genomes/all/GCA/001/577/775/GCA_001577775.1_ASM157777v1,,assembly from type material,na,100,100.25
GCA_001412615.1,PRJNA268702,SAMN03223811,,representative genome,1273541,1273541,Pyrodictium delaneyi,strain=Su06,,latest,Complete Genome,Major,Full,26/10/2015,ASM141261v1,Kyung Hee University,GCF_001412615.1,identical,https://ftp.ncbi.nlm.nih.gov/genomes/all/GCA/001/412/615/GCA_001412615.1_ASM141261v1,,assembly from type material,na,90,103.11
GCA_000223395.1,PRJNA48579,SAMN02232047,,representative genome,694429,54252,Pyrolobus fumarii 1A,strain=1A,,latest,Complete Genome,Major,Full,12/08/2011,ASM22339v1,DOE Joint Genome Institute,GCF_000223395.1,identical,https://ftp.ncbi.nlm.nih.gov/genomes/all/GCA/000/223/395/GCA_000223395.1_ASM22339v1,,assembly from type material,na,103,113.64
GCA_000092465.1,PRJNA33683,SAMN00002730,,representative genome,591019,84599,Staphylothermus hellenicus DSM 12710,strain=DSM 12710,,latest,Complete Genome,Major,Full,01/06/2010,ASM9246v1,US DOE Joint Genome Institute (JGI-PGF),GCF_000092465.1,identical,https://ftp.ncbi.nlm.nih.gov/genomes/all/GCA/000/092/465/GCA_000092465.1_ASM9246v1,,assembly from type material,na,85,99.27
GCA_000015945.1,PRJNA17449,SAMN02598390,,representative genome,399550,2280,Staphylothermus marinus F1,strain=F1,,latest,Complete Genome,Major,Full,21/02/2007,ASM1594v1,US DOE Joint Genome Institute,GCF_000015945.1,identical,https://ftp.ncbi.nlm.nih.gov/genomes/all/GCA/000/015/945/GCA_000015945.1_ASM1594v1,,assembly from type material,na,88,101.19
GCA_009729035.1,PRJNA488459,SAMN09933091,,representative genome,41675,41675,Stygiolobus azoricus,strain=FC6,,latest,Complete Genome,Major,Full,04/12/2019,ASM972903v1,North Carolina State University,GCF_009729035.1,identical,https://ftp.ncbi.nlm.nih.gov/genomes/all/GCA/009/729/035/GCA_009729035.1_ASM972903v1,,assembly from type material,na,80,80.27
GCA_002215405.1,PRJNA378849,SAMN06562953,,na,2285,2285,Sulfolobus acidocaldarius,strain=Y14 18-5,,latest,Complete Genome,Major,Full,06/07/2017,ASM221540v1,Harvard University,GCF_002215405.1,identical,https://ftp.ncbi.nlm.nih.gov/genomes/all/GCA/002/215/405/GCA_002215405.1_ASM221540v1,,,na,71,N/A
GCA_002215445.1,PRJNA378849,SAMN06562952,,na,2285,2285,Sulfolobus acidocaldarius,strain=Y14 20-20,,latest,Complete Genome,Major,Full,06/07/2017,ASM221544v1,Harvard University,GCF_002215445.1,identical,https://ftp.ncbi.nlm.nih.gov/genomes/all/GCA/002/215/445/GCA_002215445.1_ASM221544v1,,,na,71,N/A
GCA_002215485.1,PRJNA378849,SAMN06562951,,na,2285,2285,Sulfolobus acidocaldarius,strain=Y14 16-22,,latest,Complete Genome,Major,Full,06/07/2017,ASM221548v1,Harvard University,GCF_002215485.1,identical,https://ftp.ncbi.nlm.nih.gov/genomes/all/GCA/002/215/485/GCA_002215485.1_ASM221548v1,,,na,71,N/A
GCA_002215525.1,PRJNA378849,SAMN06562950,,na,2285,2285,Sulfolobus acidocaldarius,strain=Y14 13-1,,latest,Complete Genome,Major,Full,06/07/2017,ASM221552v1,Harvard University,GCF_002215525.1,identical,https://ftp.ncbi.nlm.nih.gov/genomes/all/GCA/002/215/525/GCA_002215525.1_ASM221552v1,,,na,71,N/A
GCA_002215565.1,PRJNA378849,SAMN06562949,,representative genome,2285,2285,Sulfolobus acidocaldarius,strain=DG1,,latest,Complete Genome,Major,Full,06/07/2017,ASM221556v1,Harvard University,GCF_002215565.1,identical,https://ftp.ncbi.nlm.nih.gov/genomes/all/GCA/002/215/565/GCA_002215565.1_ASM221556v1,,,na,71,N/A
GCA_000012285.1,PRJNA13935,SAMN02603173,,na,330779,2285,Sulfolobus acidocaldarius DSM 639,strain=DSM 639,,latest,Complete Genome,Major,Full,05/07/2005,ASM1228v1,Danish Archaea Centre,GCF_000012285.1,identical,https://ftp.ncbi.nlm.nih.gov/genomes/all/GCA/000/012/285/GCA_000012285.1_ASM1228v1,,assembly from type material,na,71,78.61
GCA_028472365.1,PRJNA594306,SAMN13512241,,na,330779,2285,Sulfolobus acidocaldarius DSM 639,strain=DSM 639,,latest,Complete Genome,Major,Full,06/02/2023,ASM2847236v1,Wuhan Unverisity,GCF_028472365.1,identical,https://ftp.ncbi.nlm.nih.gov/genomes/all/GCA/028/472/365/GCA_028472365.1_ASM2847236v1,,assembly from type material,na,71,78.79
GCA_000340315.1,PRJNA66533,SAMN02604152,,na,1028566,2285,Sulfolobus acidocaldarius N8,strain=N8,,latest,Complete Genome,Major,Full,08/02/2013,ASM34031v1,University of Cincinnati,GCF_000340315.1,identical,https://ftp.ncbi.nlm.nih.gov/genomes/all/GCA/000/340/315/GCA_000340315.1_ASM34031v1,,,na,71,79.12
GCA_000338775.1,PRJNA66535,SAMN02604153,,na,1028567,2285,Sulfolobus acidocaldarius Ron12/I,strain=Ron12/I,,latest,Complete Genome,Major,Full,08/02/2013,ASM33877v1,University of Cincinnati,GCF_000338775.1,identical,https://ftp.ncbi.nlm.nih.gov/genomes/all/GCA/000/338/775/GCA_000338775.1_ASM33877v1,,,na,71,78.68
GCA_000508305.1,PRJNA231215,SAMN03081514,,na,1435377,2285,Sulfolobus acidocaldarius SUSAZ,strain=SUSAZ,,latest,Complete Genome,Major,Full,16/12/2013,ASM50830v1,Center for Genomic Sciences,GCF_000508305.1,identical,https://ftp.ncbi.nlm.nih.gov/genomes/all/GCA/000/508/305/GCA_000508305.1_ASM50830v1,genome length too small,,na,71,77.62
GCA_019175305.1,PRJNA716249,SAMN18406479,,na,2286,2286,Saccharolobus shibatae,strain=S38A,,latest,Complete Genome,Major,Full,08/07/2021,ASM1917530v1,Skolkovo Institute of Science and Technology,GCF_019175305.1,identical,https://ftp.ncbi.nlm.nih.gov/genomes/all/GCA/019/175/305/GCA_019175305.1_ASM1917530v1,,,na,73,83.2
GCA_019175325.1,PRJNA716248,SAMN18407733,,na,2286,2286,Saccharolobus shibatae,strain=BEU9,,latest,Complete Genome,Major,Full,08/07/2021,ASM1917532v1,Skolkovo Institute of Science and Technology,GCF_019175325.1,identical,https://ftp.ncbi.nlm.nih.gov/genomes/all/GCA/019/175/325/GCA_019175325.1_ASM1917532v1,,,na,73,83.77
GCA_019175345.1,PRJNA716250,SAMN18432893,,representative genome,523848,2286,Saccharolobus shibatae B12,strain=B12,,latest,Complete Genome,Major,Full,08/07/2021,ASM1917534v1,Skolkovo Institute of Science and Technology,GCF_019175345.1,identical,https://ftp.ncbi.nlm.nih.gov/genomes/all/GCA/019/175/345/GCA_019175345.1_ASM1917534v1,,assembly from type material,na,73,81.54
GCA_000968355.2,PRJNA279939,SAMN03452281,,na,2287,2287,Saccharolobus solfataricus,strain=SARC-B,,latest,Complete Genome,Major,Full,25/10/2018,ASM96835v2,University of Nebraska-Lincoln,GCF_000968355.2,identical,https://ftp.ncbi.nlm.nih.gov/genomes/all/GCA/000/968/355/GCA_000968355.2_ASM96835v2,,,na,74,84
GCA_000968395.2,PRJNA277733,SAMN03395044,,na,2287,2287,Saccharolobus solfataricus,strain=SARC-C,,latest,Complete Genome,Major,Full,25/10/2018,ASM96839v2,University of Nebraska-Lincoln,GCF_000968395.2,identical,https://ftp.ncbi.nlm.nih.gov/genomes/all/GCA/000/968/395/GCA_000968395.2_ASM96839v2,,,na,74,84
GCA_000968435.2,PRJNA279935,SAMN03452280,,na,2287,2287,Saccharolobus solfataricus,strain=SULA,98/2,latest,Complete Genome,Major,Full,31/10/2018,ASM96843v2,University of Nebraska-Lincoln,GCF_000968435.2,identical,https://ftp.ncbi.nlm.nih.gov/genomes/all/GCA/000/968/435/GCA_000968435.2_ASM96843v2,,,na,74,84
GCA_003852095.1,PRJNA347857,SAMN05896748,,na,2287,2287,Saccharolobus solfataricus,strain=SARC-O,,latest,Complete Genome,Major,Full,29/11/2018,ASM385209v1,University of Nebraska-Lincoln,GCF_003852095.1,identical,https://ftp.ncbi.nlm.nih.gov/genomes/all/GCA/003/852/095/GCA_003852095.1_ASM385209v1,,,na,74,84.04
GCA_003852115.1,PRJNA352873,SAMN06006254,,na,2287,2287,Saccharolobus solfataricus,strain=SUL120,,latest,Complete Genome,Major,Full,29/11/2018,ASM385211v1,University of Nebraska-Lincoln,GCF_003852115.1,identical,https://ftp.ncbi.nlm.nih.gov/genomes/all/GCA/003/852/115/GCA_003852115.1_ASM385211v1,,,na,74,83.64
GCA_003852135.1,PRJNA347847,SAMN05896255,,na,2287,2287,Saccharolobus solfataricus,strain=SULG,,latest,Complete Genome,Major,Full,29/11/2018,ASM385213v1,University of Nebraska-Lincoln,GCF_003852135.1,identical,https://ftp.ncbi.nlm.nih.gov/genomes/all/GCA/003/852/135/GCA_003852135.1_ASM385213v1,,,na,74,84.09
GCA_003852155.1,PRJNA347854,SAMN05896746,,representative genome,2287,2287,Saccharolobus solfataricus,strain=SULM,,latest,Complete Genome,Major,Full,29/11/2018,ASM385215v1,University of Nebraska-Lincoln,GCF_003852155.1,identical,https://ftp.ncbi.nlm.nih.gov/genomes/all/GCA/003/852/155/GCA_003852155.1_ASM385215v1,,,na,74,84.05
GCA_003852175.1,PRJNA347855,SAMN05896747,,na,2287,2287,Saccharolobus solfataricus,strain=SARC-N,,latest,Complete Genome,Major,Full,29/11/2018,ASM385217v1,University of Nebraska-Lincoln,GCF_003852175.1,identical,https://ftp.ncbi.nlm.nih.gov/genomes/all/GCA/003/852/175/GCA_003852175.1_ASM385217v1,,,na,74,84.04
GCA_003852195.1,PRJNA347851,SAMN05896744,,na,2287,2287,Saccharolobus solfataricus,strain=SARC-H,,latest,Complete Genome,Major,Full,29/11/2018,ASM385219v1,University of Nebraska-Lincoln,GCF_003852195.1,identical,https://ftp.ncbi.nlm.nih.gov/genomes/all/GCA/003/852/195/GCA_003852195.1_ASM385219v1,,,na,74,84.09
GCA_003852215.1,PRJNA347852,SAMN05896745,,na,2287,2287,Saccharolobus solfataricus,strain=SARC-I,,latest,Complete Genome,Major,Full,29/11/2018,ASM385221v1,University of Nebraska-Lincoln,GCF_003852215.1,identical,https://ftp.ncbi.nlm.nih.gov/genomes/all/GCA/003/852/215/GCA_003852215.1_ASM385221v1,,,na,74,84.09
GCA_015654385.1,PRJNA616127,SAMN14482681,,na,2287,2287,Saccharolobus solfataricus,strain=POZ149,,latest,Complete Genome,Major,Full,23/11/2020,ASM1565438v1,Institut Pasteur,GCF_015654385.1,identical,https://ftp.ncbi.nlm.nih.gov/genomes/all/GCA/015/654/385/GCA_015654385.1_ASM1565438v1,,,na,74,83.44
GCA_900079115.1,PRJEB13308,SAMEA3920617,,na,2287,2287,Saccharolobus solfataricus,strain=P1,,latest,Complete Genome,Major,Full,11/04/2016,SSOP1,Institute of Biology,GCF_900079115.1,identical,https://ftp.ncbi.nlm.nih.gov/genomes/all/GCA/900/079/115/GCA_900079115.1_SSOP1,,assembly from type material,na,74,84.23
GCA_000007005.1,PRJNA108,SAMN02603227,,na,273057,2287,Saccharolobus solfataricus P2,strain=P2,,latest,Complete Genome,Major,Full,25/11/2002,ASM700v1,European/Canadian Consortium,GCF_000007005.1,identical,https://ftp.ncbi.nlm.nih.gov/genomes/all/GCA/000/007/005/GCA_000007005.1_ASM700v1,,,na,74,83.68
GCA_000011205.1,PRJNA246,SAMD00061096,,representative genome,273063,111955,Sulfurisphaera tokodaii str. 7,strain=7,,latest,Complete Genome,Major,Full,11/05/2004,ASM1120v1,NITE,GCF_000011205.1,identical,https://ftp.ncbi.nlm.nih.gov/genomes/all/GCA/000/011/205/GCA_000011205.1_ASM1120v1,,assembly from type material,na,75,84.05
GCA_009729055.1,PRJNA488459,SAMN09933092,,representative genome,69656,69656,Sulfurisphaera ohwakuensis,strain=TA-1,,latest,Complete Genome,Major,Full,04/12/2019,ASM972905v1,North Carolina State University,GCF_009729055.1,identical,https://ftp.ncbi.nlm.nih.gov/genomes/all/GCA/009/729/055/GCA_009729055.1_ASM972905v1,,assembly from type material,na,75,82.89
GCA_001433455.1,PRJNA274261,SAMN03324231,,na,55802,55802,Thermococcus barophilus,strain=CH5,,latest,Complete Genome,Major,Full,05/11/2015,ASM143345v1,Ecole Normale Superieure de Lyon,GCF_001433455.1,identical,https://ftp.ncbi.nlm.nih.gov/genomes/all/GCA/001/433/455/GCA_001433455.1_ASM143345v1,,,na,85,89
GCA_000151105.2,PRJNA19379,SAMN02603625,,representative genome,391623,55802,Thermococcus barophilus MP,strain=MP,,latest,Complete Genome,Major,Full,17/12/2010,ASM15110v2,Moore Foundation,GCF_000151105.2,identical,https://ftp.ncbi.nlm.nih.gov/genomes/all/GCA/000/151/105/GCA_000151105.2_ASM15110v2,,assembly from type material,na,85,90.24
GCA_002214465.1,PRJNA274230,SAMN03324153,,representative genome,54077,54077,Thermococcus barossii,strain=SHCK-94,,latest,Complete Genome,Major,Full,05/07/2017,ASM221446v1,Ecole Normale Superieure de Lyon,GCF_002214465.1,identical,https://ftp.ncbi.nlm.nih.gov/genomes/all/GCA/002/214/465/GCA_002214465.1_ASM221446v1,,assembly from type material,na,80,95.07
GCA_002214365.1,PRJNA274230,SAMN03324154,,representative genome,1293037,2264,Thermococcus celer Vu 13 = JCM 8558,strain=Vu 13,,latest,Complete Genome,Major,Full,05/07/2017,ASM221436v1,Ecole Normale Superieure de Lyon,GCF_002214365.1,identical,https://ftp.ncbi.nlm.nih.gov/genomes/all/GCA/002/214/365/GCA_002214365.1_ASM221436v1,,assembly from type material,na,87,96.68
GCA_002214605.1,PRJNA274230,SAMN03324156,,na,54262,54262,Thermococcus chitonophagus,strain=GC74,,latest,Complete Genome,Major,Full,05/07/2017,ASM221460v1,Ecole Normale Superieure de Lyon,GCF_002214605.1,identical,https://ftp.ncbi.nlm.nih.gov/genomes/all/GCA/002/214/605/GCA_002214605.1_ASM221460v1,,assembly from type material,na,85,98.84
GCA_900012635.1,PRJEB12305,SAMEA3721282,,representative genome,54262,54262,Thermococcus chitonophagus,,1,latest,Complete Genome,Major,Full,15/04/2016,Pyrococcus chitonophagus genome sequence,University of Athens,GCF_900012635.1,identical,https://ftp.ncbi.nlm.nih.gov/genomes/all/GCA/900/012/635/GCA_900012635.1_Pyrococcus_chitonophagus_genome_sequence,,,na,85,98.33
GCA_000265525.1,PRJNA167371,SAMN02603492,,representative genome,163003,163003,Thermococcus cleftensis,strain=CL1,,latest,Complete Genome,Major,Full,11/06/2012,ASM26552v1,Kyung Hee University,GCF_000265525.1,identical,https://ftp.ncbi.nlm.nih.gov/genomes/all/GCA/000/265/525/GCA_000265525.1_ASM26552v1,,assembly from type material,na,80,97.11
GCA_000022365.1,PRJNA33671,SAMN02603333,,representative genome,593117,187878,Thermococcus gammatolerans EJ3,strain=EJ3; DSM 15229,,latest,Complete Genome,Major,Full,12/06/2009,ASM2236v1,"IGM/ Universit Paris-Sud, France",GCF_000022365.1,identical,https://ftp.ncbi.nlm.nih.gov/genomes/all/GCA/000/022/365/GCA_000022365.1_ASM2236v1,,assembly from type material,na,88,94.51
GCA_002214385.1,PRJNA274230,SAMN03324159,,representative genome,71997,71997,Thermococcus gorgonarius,strain=W-12,,latest,Complete Genome,Major,Full,05/07/2017,ASM221438v1,Ecole Normale Superieure de Lyon,GCF_002214385.1,identical,https://ftp.ncbi.nlm.nih.gov/genomes/all/GCA/002/214/385/GCA_002214385.1_ASM221438v1,,assembly from type material,na,85,93.44
GCA_000816105.1,PRJNA230529,SAMN02429659,,representative genome,1432656,110164,Thermococcus guaymasensis DSM 11113,strain=DSM 11113,,latest,Complete Genome,Major,Full,07/01/2015,ASM81610v1,University of Waterloo,GCF_000816105.1,identical,https://ftp.ncbi.nlm.nih.gov/genomes/all/GCA/000/816/105/GCA_000816105.1_ASM81610v1,,assembly from type material,na,88,93.26
GCA_000009965.1,PRJNA13213,SAMD00061071,,representative genome,69014,311400,Thermococcus kodakarensis KOD1,strain=KOD1,,latest,Complete Genome,Major,Full,05/01/2005,ASM996v1,"Kyoto University, Japan",GCF_000009965.1,identical,https://ftp.ncbi.nlm.nih.gov/genomes/all/GCA/000/009/965/GCA_000009965.1_ASM996v1,,assembly from type material,na,60,91.48
GCA_028471785.1,PRJNA928455,SAMN32933801,,na,311400,311400,Thermococcus kodakarensis,strain=TS900,,latest,Complete Genome,Major,Full,06/02/2023,ASM2847178v1,Colorado State University,GCF_028471785.1,identical,https://ftp.ncbi.nlm.nih.gov/genomes/all/GCA/028/471/785/GCA_028471785.1_ASM2847178v1,,,na,60,91.9
GCA_028471865.1,PRJNA928457,SAMN32933864,,na,311400,311400,Thermococcus kodakarensis,strain=TS901,,latest,Complete Genome,Major,Full,06/02/2023,ASM2847186v1,Colorado State University,GCF_028471865.1,identical,https://ftp.ncbi.nlm.nih.gov/genomes/all/GCA/028/471/865/GCA_028471865.1_ASM2847186v1,,,na,60,91.77
GCA_000246985.3,PRJNA81925,SAMN02603679,,representative genome,523849,2265,Thermococcus litoralis DSM 5473,strain=DSM 5473,,latest,Complete Genome,Major,Full,13/08/2013,ASM24698v3,"New England Biolabs, Inc.",GCF_000246985.2,identical,https://ftp.ncbi.nlm.nih.gov/genomes/all/GCA/000/246/985/GCA_000246985.3_ASM24698v3,,assembly from type material,na,85,90.31
GCA_002214485.1,PRJNA274230,SAMN03324161,,representative genome,71998,71998,Thermococcus pacificus,strain=P-4,,latest,Complete Genome,Major,Full,05/07/2017,ASM221448v1,Ecole Normale Superieure de Lyon,GCF_002214485.1,identical,https://ftp.ncbi.nlm.nih.gov/genomes/all/GCA/002/214/485/GCA_002214485.1_ASM221448v1,,assembly from type material,na,85,92.39
GCA_000517445.1,PRJNA230233,SAMN03081513,,representative genome,582419,582419,Thermococcus paralvinellae,strain=ES1,,latest,Complete Genome,Major,Full,10/01/2014,ASM51744v1,Kyung Hee University,GCF_000517445.1,identical,https://ftp.ncbi.nlm.nih.gov/genomes/all/GCA/000/517/445/GCA_000517445.1_ASM51744v1,,assembly from type material,na,80,89.66
GCA_001592435.1,PRJNA274230,SAMN03324162,,representative genome,53952,53952,Thermococcus peptonophilus,strain=OG-1,,latest,Complete Genome,Major,Full,15/03/2016,ASM159243v1,Ecole Normale Superieure de Lyon,GCF_001592435.1,identical,https://ftp.ncbi.nlm.nih.gov/genomes/all/GCA/001/592/435/GCA_001592435.1_ASM159243v1,,assembly from type material,na,85,91.97
GCA_002214585.1,PRJNA274230,SAMN03324163,,representative genome,49899,49899,Thermococcus profundus,strain=DT 5432,,latest,Complete Genome,Major,Full,05/07/2017,ASM221458v1,Ecole Normale Superieure de Lyon,GCF_002214585.1,identical,https://ftp.ncbi.nlm.nih.gov/genomes/all/GCA/002/214/585/GCA_002214585.1_ASM221458v1,,assembly from type material,na,80,88.04
GCA_002214565.1,PRJNA274230,SAMN03324164,,representative genome,187880,187880,Thermococcus radiotolerans,strain=EJ2,,latest,Complete Genome,Major,Full,05/07/2017,ASM221456v1,Ecole Normale Superieure de Lyon,GCF_002214565.1,identical,https://ftp.ncbi.nlm.nih.gov/genomes/all/GCA/002/214/565/GCA_002214565.1_ASM221456v1,,assembly from type material,na,88,93.66
GCA_000022545.1,PRJNA34531,SAMN02603090,,representative genome,604354,172049,Thermococcus sibiricus MM 739,strain=MM 739,,latest,Complete Genome,Major,Full,29/06/2009,ASM2254v1,Centre,GCF_000022545.1,identical,https://ftp.ncbi.nlm.nih.gov/genomes/all/GCA/000/022/545/GCA_000022545.1_ASM2254v1,,assembly from type material,na,81,86.78
GCA_002214505.1,PRJNA274230,SAMN03324165,,representative genome,72803,72803,Thermococcus siculi,strain=RG-20,,latest,Complete Genome,Major,Full,05/07/2017,ASM221450v1,Ecole Normale Superieure de Lyon,GCF_002214505.1,identical,https://ftp.ncbi.nlm.nih.gov/genomes/all/GCA/002/214/505/GCA_002214505.1_ASM221450v1,,assembly from type material,na,83,92.52
GCA_002214545.1,PRJNA274230,SAMN03324168,,na,277988,277988,Thermococcus thioreducens,strain=OGL-20P,,latest,Complete Genome,Major,Full,05/07/2017,ASM221454v1,Ecole Normale Superieure de Lyon,GCF_002214545.1,identical,https://ftp.ncbi.nlm.nih.gov/genomes/all/GCA/002/214/545/GCA_002214545.1_ASM221454v1,,assembly from type material,na,85,93.59
GCA_000015225.1,PRJNA16331,SAMN02598366,,representative genome,368408,2269,Thermofilum pendens Hrk 5,strain=Hrk 5,,latest,Complete Genome,Major,Full,18/12/2006,ASM1522v1,DOE Joint Genome Institute,GCF_000015225.1,identical,https://ftp.ncbi.nlm.nih.gov/genomes/all/GCA/000/015/225/GCA_000015225.1_ASM1522v1,,assembly from type material,na,88,101.66
GCA_000195915.1,PRJNA110,SAMEA3138325,,representative genome,273075,2303,Thermoplasma acidophilum DSM 1728,strain=DSM1728,,latest,Complete Genome,Major,Full,06/05/2003,ASM19591v1,Max-Plank-Institute,GCF_000195915.1,identical,https://ftp.ncbi.nlm.nih.gov/genomes/all/GCA/000/195/915/GCA_000195915.1_ASM19591v1,,assembly from type material,na,57,54.02
GCA_000011185.1,PRJNA206,SAMD00061089,,representative genome,273116,50339,Thermoplasma volcanium GSS1,strain=GSS1,,latest,Complete Genome,Major,Full,11/05/2004,ASM1118v1,"National Institute of Advanced Industrial Science and Technology, Japan",GCF_000011185.1,identical,https://ftp.ncbi.nlm.nih.gov/genomes/all/GCA/000/011/185/GCA_000011185.1_ASM1118v1,,assembly from type material,na,60,55.36
GCA_000253055.1,PRJEA49419,SAMEA2272453,,representative genome,768679,2271,Thermoproteus tenax Kra 1,strain=Kra 1,,latest,Complete Genome,Major,Full,06/10/2011,ASM25305v1,"University of Duisburg-Essen, Faculty of Chemistry, Molecular Enzyme Technology and Biochemistry",GCF_000253055.1,identical,https://ftp.ncbi.nlm.nih.gov/genomes/all/GCA/000/253/055/GCA_000253055.1_ASM25305v1,,assembly from type material,na,87,89.33
GCA_000193375.1,PRJNA64455,SAMN02603093,,representative genome,999630,184117,Thermoproteus uzoniensis 768-20,strain=768-20,,latest,Complete Genome,Major,Full,28/03/2011,ASM19337v1,Centre Bioengineering RAS,GCF_000193375.1,identical,https://ftp.ncbi.nlm.nih.gov/genomes/all/GCA/000/193/375/GCA_000193375.1_ASM19337v1,,,na,85,87.73
GCA_014962245.1,PRJNA668939,SAMN16428067,,na,54254,54254,Thermosphaera aggregans,strain=3507,,latest,Complete Genome,Major,Full,27/10/2020,ASM1496224v1,"National Research Center ""Kurchatov Institute""",GCF_014962245.1,identical,https://ftp.ncbi.nlm.nih.gov/genomes/all/GCA/014/962/245/GCA_014962245.1_ASM1496224v1,,,na,85,92.4
GCA_000092185.1,PRJNA36571,SAMN02598509,,representative genome,633148,54254,Thermosphaera aggregans DSM 11486,strain=DSM 11486,,latest,Complete Genome,Major,Full,17/05/2010,ASM9218v1,US DOE Joint Genome Institute (JGI-PGF),GCF_000092185.1,identical,https://ftp.ncbi.nlm.nih.gov/genomes/all/GCA/000/092/185/GCA_000092185.1_ASM9218v1,,assembly from type material,na,85,94
GCA_000148385.1,PRJNA32589,SAMN00017002,,representative genome,572478,164451,Vulcanisaeta distributa DSM 14429,strain=DSM 14429,,latest,Complete Genome,Major,Full,22/09/2010,ASM14838v1,US DOE Joint Genome Institute (JGI-PGF),GCF_000148385.1,identical,https://ftp.ncbi.nlm.nih.gov/genomes/all/GCA/000/148/385/GCA_000148385.1_ASM14838v1,,assembly from type material,na,90,96.22
GCA_026000775.1,PRJDB14343,SAMD00535535,,representative genome,1293586,164452,Vulcanisaeta souniana JCM 11219,strain=JCM 11219,,latest,Complete Genome,Major,Full,08/10/2022,ASM2600077v1,"RIKEN-BRC, JCM",GCF_026000775.1,identical,https://ftp.ncbi.nlm.nih.gov/genomes/all/GCA/026/000/775/GCA_026000775.1_ASM2600077v1,,assembly from type material,na,85,91.06
