assembly_accession,bioproject,biosample,wgs_master,refseq_category,taxid,species_taxid,organism_name,infraspecific_name,isolate,version_status,assembly_level,release_type,genome_rep,seq_rel_date,asm_name,asm_submitter,gbrs_paired_asm,paired_asm_comp,ftp_path,excluded_from_refseq,relation_to_type_material,asm_not_live_date,assembly_type,group,genome_size,genome_size_ungapped,gc_percent,replicon_count,scaffold_count,contig_count,annotation_provider,annotation_name,annotation_date,total_gene_count,protein_coding_gene_count,non_coding_gene_count,pubmed_id,OGT,predicted_OGT
GCA_009729015.1,PRJNA488459,SAMN09933089,na,representative genome,2283,2283,Acidianus ambivalens,strain=LEI 10,na,latest,Complete Genome,Major,Full,04/12/2019,ASM972901v1,North Carolina State University,GCF_009729015.1,identical,https://ftp.ncbi.nlm.nih.gov/genomes/all/GCA/009/729/015/GCA_009729015.1_ASM972901v1,na,assembly from type material,na,haploid,archaea,2252027,2252027,34,1,1,1,NCBI,NCBI Prokaryotic Genome Annotation Pipeline (PGAP),10/22/19,2605,2373,52,na,80,76.37
GCA_003201835.2,PRJNA463410,SAMN09071529,na,representative genome,41673,41673,Acidianus brierleyi,strain=DSM 1651,na,latest,Complete Genome,Major,Full,10/03/2020,ASM320183v2,North Carolina State University,GCF_003201835.2,identical,https://ftp.ncbi.nlm.nih.gov/genomes/all/GCA/003/201/835/GCA_003201835.2_ASM320183v2,na,assembly from type material,na,haploid,archaea,2947244,2947244,31.5,1,1,1,NCBI,NCBI Prokaryotic Genome Annotation Pipeline (PGAP),10/23/19,3148,2871,51,na,72,68.73
GCA_003201765.2,PRJNA463410,SAMN09071530,na,representative genome,619593,312539,Acidianus sulfidivorans JP7,strain=JP7,na,latest,Complete Genome,Major,Full,10/03/2020,ASM320176v2,North Carolina State University,GCF_003201765.2,identical,https://ftp.ncbi.nlm.nih.gov/genomes/all/GCA/003/201/765/GCA_003201765.2_ASM320176v2,na,assembly from type material,na,haploid,archaea,2265309,2265309,31,1,1,1,NCBI,NCBI Prokaryotic Genome Annotation Pipeline (PGAP),10/23/19,2339,2259,51,na,70,67.92
GCA_000144915.1,PRJNA39927,SAMN02603091,na,representative genome,666510,242703,Acidilobus saccharovorans 345-15,strain=345-15,na,latest,Complete Genome,Major,Full,06/08/2010,ASM14491v1,Centre Bioengineering RAS,GCF_000144915.1,identical,https://ftp.ncbi.nlm.nih.gov/genomes/all/GCA/000/144/915/GCA_000144915.1_ASM14491v1,na,assembly from type material,na,haploid,archaea,1496453,1496453,57,1,1,1,Centre Bioengineering RAS,Annotation submitted by Centre Bioengineering RAS,06/25/15,1551,1499,48,20581186,80,74.71
GCA_000025665.1,PRJNA38403,SAMN02598523,na,na,439481,379547,Aciduliprofundum boonei T469,strain=T469,na,latest,Complete Genome,Major,Full,24/02/2010,ASM2566v1,US DOE Joint Genome Institute,GCF_000025665.1,identical,https://ftp.ncbi.nlm.nih.gov/genomes/all/GCA/000/025/665/GCA_000025665.1_ASM2566v1,na,na,na,haploid,archaea,1486778,1486778,39,1,1,1,US DOE Joint Genome Institute,Annotation submitted by US DOE Joint Genome Institute,01/28/14,1587,1544,37,na,70,74.7
GCA_000591035.1,PRJDB107,SAMD00061006,na,representative genome,1198449,229980,Aeropyrum camini SY1 = JCM 12091,strain=SY1,na,latest,Complete Genome,Major,Full,27/09/2013,ASM59103v1,"Laboratory of Marine Microbiology, Division of Applied Biosciences, Graduate School of Agriculture, Kyoto University",GCF_000591035.1,identical,https://ftp.ncbi.nlm.nih.gov/genomes/all/GCA/000/591/035/GCA_000591035.1_ASM59103v1,na,assembly from type material,na,haploid,archaea,1595994,1595994,56.5,1,1,1,"Laboratory of Marine Microbiology, Division of Applied Biosciences, Graduate School of Agriculture, Kyoto University","Annotation submitted by Laboratory of Marine Microbiology, Division of Applied Biosciences, Graduate School of Agriculture, Kyoto University",10/07/2016,1695,1645,50,23872576,85,98.52
GCA_000011125.1,PRJNA211,SAMD00061092,na,representative genome,272557,56636,Aeropyrum pernix K1,strain=K1,na,latest,Complete Genome,Major,Full,11/10/2006,ASM1112v1,NITE,GCF_000011125.1,identical,https://ftp.ncbi.nlm.nih.gov/genomes/all/GCA/000/011/125/GCA_000011125.1_ASM1112v1,na,assembly from type material,na,haploid,archaea,1669696,1669696,56,1,1,1,NITE,Annotation submitted by NITE,10/08/2016,1752,1700,52,10382966;16455681;16769697,90,98.99
GCA_000008665.1,PRJNA104,SAMN02603985,na,na,224325,2234,Archaeoglobus fulgidus DSM 4304,strain=DSM 4304,na,latest,Complete Genome,Major,Full,22/12/1999,ASM866v1,TIGR,GCF_000008665.1,identical,https://ftp.ncbi.nlm.nih.gov/genomes/all/GCA/000/008/665/GCA_000008665.1_ASM866v1,na,assembly from type material,na,haploid,archaea,2178400,2178400,48.5,1,1,1,TIGR,Annotation submitted by TIGR,01/31/14,2486,2407,49,9389475,81,83.9
GCA_000734035.1,PRJNA208006,SAMN03081472,na,representative genome,1344584,2234,Archaeoglobus fulgidus DSM 8774,strain=DSM 8774,na,latest,Complete Genome,Major,Full,28/07/2014,ASM73403v1,University Bergen,GCF_000734035.1,identical,https://ftp.ncbi.nlm.nih.gov/genomes/all/GCA/000/734/035/GCA_000734035.1_ASM73403v1,na,na,na,haploid,archaea,2316287,2316287,48,1,1,1,University Bergen,Annotation submitted by University Bergen,10/01/2014,2657,2557,56,na,81,86.12
GCA_000025285.1,PRJNA32583,SAMN00017459,na,representative genome,572546,84156,Archaeoglobus profundus DSM 5631,strain=DSM 5631,na,latest,Complete Genome,Major,Full,19/01/2010,ASM2528v1,US DOE Joint Genome Institute (JGI-PGF),GCF_000025285.1,identical,https://ftp.ncbi.nlm.nih.gov/genomes/all/GCA/000/025/285/GCA_000025285.1_ASM2528v1,na,assembly from type material,na,haploid,archaea,1563423,1563423,42,2,2,2,US DOE Joint Genome Institute (JGI-PGF),Annotation submitted by US DOE Joint Genome Institute (JGI-PGF),07/25/16,1911,1823,53,21304717,85,94.11
GCA_000385565.1,PRJNA196460,SAMN02028569,na,representative genome,387631,1316941,Archaeoglobus sulfaticallidus PM70-1,strain=PM70-1,na,latest,Complete Genome,Major,Full,30/04/2013,ASM38556v1,"University of Bergen, Centre for Geobiology, Department of Biology",GCF_000385565.1,identical,https://ftp.ncbi.nlm.nih.gov/genomes/all/GCA/000/385/565/GCA_000385565.1_ASM38556v1,na,assembly from type material,na,haploid,archaea,2076931,2076931,43,1,1,1,"University of Bergen, Centre for Geobiology, Department of Biology","Annotation submitted by University of Bergen, Centre for Geobiology, Department of Biology",11/13/13,2288,2216,60,23833130,75,80.66
GCA_000194625.1,PRJNA51621,SAMN00713598,na,representative genome,693661,58290,Archaeoglobus veneficus SNP6,strain=SNP6,na,latest,Complete Genome,Major,Full,31/03/2011,ASM19462v1,US DOE Joint Genome Institute (JGI-PGF),GCF_000194625.1,identical,https://ftp.ncbi.nlm.nih.gov/genomes/all/GCA/000/194/625/GCA_000194625.1_ASM19462v1,na,assembly from type material,na,haploid,archaea,1901943,1901943,47,1,1,1,US DOE Joint Genome Institute (JGI-PGF),Annotation submitted by US DOE Joint Genome Institute (JGI-PGF),08/01/2012,2194,2090,49,na,75,84.44
GCA_000317795.1,PRJNA70815,SAMN02261426,na,representative genome,1056495,200415,Caldisphaera lagunensis DSM 15908,strain=DSM 15908,na,latest,Complete Genome,Major,Full,10/12/2012,ASM31779v1,JGI,GCF_000317795.1,identical,https://ftp.ncbi.nlm.nih.gov/genomes/all/GCA/000/317/795/GCA_000317795.1_ASM31779v1,na,assembly from type material,na,haploid,archaea,1546846,1546846,30,1,1,1,JGI,Annotation submitted by JGI,06/25/15,1576,1478,50,na,75,66.19
GCA_000018305.1,PRJNA17421,SAMN00623034,na,representative genome,397948,76887,Caldivirga maquilingensis IC-167,strain=IC-167,na,latest,Complete Genome,Major,Full,05/10/2007,ASM1830v1,US DOE Joint Genome Institute (JGI-PGF),GCF_000018305.1,identical,https://ftp.ncbi.nlm.nih.gov/genomes/all/GCA/000/018/305/GCA_000018305.1_ASM1830v1,na,assembly from type material,na,haploid,archaea,2077567,2077567,43,1,1,1,US DOE Joint Genome Institute (JGI-PGF),Annotation submitted by US DOE Joint Genome Institute (JGI-PGF),12/11/2013,2045,1963,42,na,83,86.41
GCA_000020905.1,PRJNA28141,SAMN02603098,na,na,490899,94694,Desulfurococcus amylolyticus 1221n,strain=1221n,na,latest,Complete Genome,Major,Full,24/12/2008,ASM2090v1,Centre 'Bioengineering' RAS,GCF_000020905.1,identical,https://ftp.ncbi.nlm.nih.gov/genomes/all/GCA/000/020/905/GCA_000020905.1_ASM2090v1,na,assembly from synonym type material,na,haploid,archaea,1365223,1365223,45,1,1,1,Centre 'Bioengineering' RAS,Annotation submitted by Centre 'Bioengineering' RAS,01/30/14,1523,1471,50,19114480,80,102.94
GCA_000231015.3,PRJNA49401,SAMN02232017,na,representative genome,768672,94694,Desulfurococcus amylolyticus DSM 16532,strain=DSM 16532,na,latest,Complete Genome,Major,Full,07/06/2012,ASM23101v3,DOE Joint Genome Institute,GCF_000231015.2,identical,https://ftp.ncbi.nlm.nih.gov/genomes/all/GCA/000/231/015/GCA_000231015.3_ASM23101v3,na,assembly from synonym type material,na,haploid,archaea,1384116,1384116,44.5,1,1,1,DOE Joint Genome Institute,Annotation submitted by DOE Joint Genome Institute,06/25/15,1522,1421,51,23012283,80,103.85
GCA_000186365.1,PRJNA48641,SAMN00103627,na,representative genome,765177,2275,Desulfurococcus mucosus DSM 2162,strain=DSM 2162,na,latest,Complete Genome,Major,Full,20/01/2011,ASM18636v1,US DOE Joint Genome Institute (JGI-PGF),GCF_000186365.1,identical,https://ftp.ncbi.nlm.nih.gov/genomes/all/GCA/000/186/365/GCA_000186365.1_ASM18636v1,na,assembly from type material,na,haploid,archaea,1314639,1314639,53,1,1,1,US DOE Joint Genome Institute (JGI-PGF),Annotation submitted by US DOE Joint Genome Institute (JGI-PGF),06/25/15,1421,1345,50,21677854,87,100.01
GCA_000025505.1,PRJNA33635,SAMN02598503,na,representative genome,589924,54261,Ferroglobus placidus DSM 10642,strain=DSM 10642,na,latest,Complete Genome,Major,Full,16/02/2010,ASM2550v1,US DOE Joint Genome Institute,GCF_000025505.1,identical,https://ftp.ncbi.nlm.nih.gov/genomes/all/GCA/000/025/505/GCA_000025505.1_ASM2550v1,na,assembly from type material,na,haploid,archaea,2196266,2196266,44,1,1,1,US DOE Joint Genome Institute,Annotation submitted by US DOE Joint Genome Institute,01/28/14,2622,2480,55,22180810,85,90.19
GCA_002078355.1,PRJNA316151,SAMN03952737,na,representative genome,74969,74969,Ferroplasma acidiphilum,strain=Y,na,latest,Complete Genome,Major,Full,04/04/2017,ASM207835v1,Max Planck Institute for Chemical Ecology,GCF_002078355.1,identical,https://ftp.ncbi.nlm.nih.gov/genomes/all/GCA/002/078/355/GCA_002078355.1_ASM207835v1,na,assembly from type material,na,haploid,archaea,1826943,1826943,36,1,1,1,Max Planck Institute for Chemical Ecology,Annotation submitted by Max Planck Institute for Chemical Ecology,04/04/2017,1861,1763,62,na,35,45.29
GCA_000258425.1,PRJNA91117,SAMN02603095,na,representative genome,1163730,683846,Fervidicoccus fontis Kam940,strain=Kam940,na,latest,Complete Genome,Major,Full,10/04/2012,ASM25842v1,Centre Bioengineering RAS,GCF_000258425.1,identical,https://ftp.ncbi.nlm.nih.gov/genomes/all/GCA/000/258/425/GCA_000258425.1_ASM25842v1,na,assembly from type material,na,haploid,archaea,1319206,1319206,37,1,1,1,Centre Bioengineering RAS,Annotation submitted by Centre Bioengineering RAS,04/17/14,1439,1385,45,24366681,80,74.89
GCA_000789255.1,PRJNA261279,SAMN03070125,na,na,565033,565033,Geoglobus acetivorans,strain=SBH6,na,latest,Complete Genome,Major,Full,04/12/2014,ASM78925v1,Centre Bioengineering RAS,GCF_000789255.1,identical,https://ftp.ncbi.nlm.nih.gov/genomes/all/GCA/000/789/255/GCA_000789255.1_ASM78925v1,unverified source organism; not used as type,na,na,haploid,archaea,1860815,1860815,46.5,1,1,1,Centre Bioengineering RAS,Annotation submitted by Centre Bioengineering RAS,12/04/2014,2274,2218,50,25416759,80,83.81
GCA_001006045.1,PRJNA258102,SAMN02988852,na,representative genome,113653,113653,Geoglobus ahangari,strain=234,na,latest,Complete Genome,Major,Full,11/05/2015,ASM100604v1,Michigan State University,GCF_001006045.1,identical,https://ftp.ncbi.nlm.nih.gov/genomes/all/GCA/001/006/045/GCA_001006045.1_ASM100604v1,na,assembly from type material,na,haploid,archaea,1770093,1770093,53,1,1,1,Michigan State University,Annotation submitted by Michigan State University,05/11/2015,2072,1973,52,na,85,94.72
GCA_000196895.1,PRJNA49517,SAMN02603490,na,representative genome,795797,413810,Halalkalicoccus jeotgali B3,strain=B3,na,latest,Complete Genome,Major,Full,23/06/2010,ASM19689v1,Kyung Hee University,GCF_000196895.1,identical,https://ftp.ncbi.nlm.nih.gov/genomes/all/GCA/000/196/895/GCA_000196895.1_ASM19689v1,na,assembly from type material,na,haploid,archaea,3698650,3698650,62.5,7,7,7,Kyung Hee University,Annotation submitted by Kyung Hee University,06/25/15,3922,3873,49,20601480,37,60
GCA_030345255.1,PRJNA983580,SAMN35731342,na,na,2242,2242,Halobacterium salinarum,strain=KBTZ01,na,latest,Complete Genome,Major,Full,26/06/2023,ASM3034525v1,Nazarbayev University,na,na,https://ftp.ncbi.nlm.nih.gov/genomes/all/GCA/030/345/255/GCA_030345255.1_ASM3034525v1,na,na,na,haploid,archaea,2363860,2363860,66.5,4,4,4,NCBI,NCBI Prokaryotic Genome Annotation Pipeline (PGAP),06/20/23,2600,2277,52,na,37,24.7
GCA_000069025.1,PRJNA106,SAMEA3138275,na,na,478009,2242,Halobacterium salinarum R1,strain=DSM 671 = R1,na,latest,Complete Genome,Major,Full,12/02/2008,ASM6902v1,Max Planck Institute,GCF_000069025.1,identical,https://ftp.ncbi.nlm.nih.gov/genomes/all/GCA/000/069/025/GCA_000069025.1_ASM6902v1,na,na,na,haploid,archaea,2668776,2668776,65.5,5,5,5,Max Planck Institute,Annotation submitted by Max Planck Institute,02/02/2017,3050,2704,52,18313895,37,30.77
GCA_000022205.1,PRJNA412908,SAMN02598407,na,representative genome,416348,2247,Halorubrum lacusprofundi ATCC 49239,strain=ATCC 49239,na,latest,Complete Genome,Major,Full,04/02/2009,ASM2220v1,US DOE Joint Genome Institute (JGI-PGF),GCF_000022205.1,identical,https://ftp.ncbi.nlm.nih.gov/genomes/all/GCA/000/022/205/GCA_000022205.1_ASM2220v1,na,assembly from type material,na,haploid,archaea,3692576,3692576,63.5,3,3,3,US DOE Joint Genome Institute (JGI-PGF),Annotation submitted by US DOE Joint Genome Institute (JGI-PGF),03/01/2021,3726,3560,61,29189043;23536799;31463573;23320757;29109294;27617060,30,46.04
GCA_000306765.2,PRJNA43185,SAMN02603397,na,na,523841,2252,Haloferax mediterranei ATCC 33500,strain=CGMCC 1.2087,na,latest,Complete Genome,Major,Full,27/05/2014,ASM30676v2,"Institute of Microbiology, Chinese Academy of Sciences",GCF_000306765.2,identical,https://ftp.ncbi.nlm.nih.gov/genomes/all/GCA/000/306/765/GCA_000306765.2_ASM30676v2,na,assembly from type material,na,haploid,archaea,3904707,3904707,60,4,4,4,"Institute of Microbiology, Chinese Academy of Sciences","Annotation submitted by Institute of Microbiology, Chinese Academy of Sciences",07/26/16,3934,3828,64,22843593;22247127,36,44.31
GCA_005406325.1,PRJNA412908,SAMN11356524,na,representative genome,523841,2252,Haloferax mediterranei ATCC 33500,strain=ATCC 33500,na,latest,Complete Genome,Major,Full,16/05/2019,ASM540632v1,University of Maryland,GCF_005406325.1,identical,https://ftp.ncbi.nlm.nih.gov/genomes/all/GCA/005/406/325/GCA_005406325.1_ASM540632v1,na,assembly from type material,na,haploid,archaea,3907473,3907473,60,4,4,4,NCBI,NCBI Prokaryotic Genome Annotation Pipeline,04/10/2019,3895,3741,63,31270201,36,45.03
GCA_000025685.1,PRJNA12524,SAMN02604027,na,representative genome,309800,2246,Haloferax volcanii DS2,strain=DS2,na,latest,Complete Genome,Major,Full,23/03/2010,ASM2568v1,TIGR,GCF_000025685.1,identical,https://ftp.ncbi.nlm.nih.gov/genomes/all/GCA/000/025/685/GCA_000025685.1_ASM2568v1,na,assembly from type material,na,haploid,archaea,4012900,4012900,65,5,5,5,TIGR,Annotation submitted by TIGR,06/04/2021,4157,3927,62,20333302,35,45.47
GCA_010692905.1,PRJNA605089,SAMN14048689,na,representative genome,114529,114529,Haloferax alexandrinus,strain=wsp1,na,latest,Complete Genome,Major,Full,18/02/2020,ASM1069290v1,CSIR-Institue of Microbial Technology,GCF_010692905.1,identical,https://ftp.ncbi.nlm.nih.gov/genomes/all/GCA/010/692/905/GCA_010692905.1_ASM1069290v1,na,na,na,haploid,archaea,3706983,3706983,66,1,1,1,NCBI,NCBI Prokaryotic Genome Annotation Pipeline (PGAP),02/11/2020,3702,3588,60,na,37,44.88
GCA_000172995.2,PRJNA20743,SAMN00002580,na,representative genome,469382,60847,Halogeometricum borinquense DSM 11551,strain=PR 3,na,latest,Complete Genome,Major,Full,22/11/2010,ASM17299v2,US DOE Joint Genome Institute (JGI-PGF),GCF_000172995.2,identical,https://ftp.ncbi.nlm.nih.gov/genomes/all/GCA/000/172/995/GCA_000172995.2_ASM17299v2,na,assembly from type material,na,haploid,archaea,3944467,3944467,59.5,6,6,6,US DOE Joint Genome Institute (JGI-PGF),Annotation submitted by US DOE Joint Genome Institute (JGI-PGF),07/17/15,3993,3898,57,21304651,37,43.9
GCA_002788215.1,PRJNA53493,SAMN00117514,na,representative genome,1073996,1073996,Halohasta litchfieldiae,strain=tADL,na,latest,Complete Genome,Major,Full,20/11/2017,ASM278821v1,JGI-PSF,GCF_002788215.1,identical,https://ftp.ncbi.nlm.nih.gov/genomes/all/GCA/002/788/215/GCA_002788215.1_ASM278821v1,na,assembly from type material,na,haploid,archaea,3332022,3332022,58.5,1,1,1,JGI-PSF,Annotation submitted by JGI-PSF,05/18/18,3520,3343,55,na,28,44.25
GCA_000217715.1,PRJNA56049,SAMN02232028,na,representative genome,797210,387343,Halopiger xanaduensis SH-6,strain=SH-6,na,latest,Complete Genome,Major,Full,09/06/2011,ASM21771v1,US DOE Joint Genome Institute,GCF_000217715.1,identical,https://ftp.ncbi.nlm.nih.gov/genomes/all/GCA/000/217/715/GCA_000217715.1_ASM21771v1,na,assembly from type material,na,haploid,archaea,4355268,4355268,65,4,4,4,US DOE Joint Genome Institute,Annotation submitted by US DOE Joint Genome Institute,07/25/16,4370,4221,60,22675596,37,53.93
GCA_000237865.1,PRJEA49335,SAMEA2272799,na,na,768065,293091,Haloquadratum walsbyi C23,strain=DSM 16854 = C23,na,latest,Complete Genome,Major,Full,31/05/2011,ASM23786v1,Max-Planck-Institute of Biochemistry,GCF_000237865.1,identical,https://ftp.ncbi.nlm.nih.gov/genomes/all/GCA/000/237/865/GCA_000237865.1_ASM23786v1,na,assembly from type material,na,haploid,archaea,3260476,3260476,47.5,4,4,4,Max-Planck-Institute of Biochemistry,Annotation submitted by Max-Planck-Institute of Biochemistry,02/08/2017,3592,2650,56,21701686,37,33.94
GCA_000470655.1,PRJEB1233,SAMEA2271992,na,representative genome,1033806,430914,Halorhabdus tiamatea SARL4B,strain=type strain: SARL4B,na,latest,Complete Genome,Major,Full,01/08/2013,HATI1,MPI BREMEN,GCF_000470655.1,identical,https://ftp.ncbi.nlm.nih.gov/genomes/all/GCA/000/470/655/GCA_000470655.1_HATI1,na,assembly from type material,na,haploid,archaea,3146160,3146160,62.5,2,2,2,MPI BREMEN,Annotation submitted by MPI BREMEN,07/26/16,3073,3023,49,24428220,45,51.81
GCA_004126515.1,PRJNA513349,SAMN10709458,na,representative genome,337243,337243,Halorubrum ezzemoulense,strain=Fb21,na,latest,Complete Genome,Major,Full,01/02/2019,ASM412651v1,University of Connecticut,GCF_004126515.1,identical,https://ftp.ncbi.nlm.nih.gov/genomes/all/GCA/004/126/515/GCA_004126515.1_ASM412651v1,na,na,na,haploid,archaea,3726301,3726301,66,3,3,3,NCBI,NCBI Prokaryotic Genome Annotation Pipeline,01/09/2019,3739,3443,78,na,37,44.41
GCA_000328525.1,PRJNA59897,SAMN02232030,na,representative genome,797302,387341,Halovivax ruber XH-70,strain=XH-70,na,latest,Complete Genome,Major,Full,27/12/2012,ASM32852v1,DOE Joint Genome Institute,GCF_000328525.1,identical,https://ftp.ncbi.nlm.nih.gov/genomes/all/GCA/000/328/525/GCA_000328525.1_ASM32852v1,na,assembly from type material,na,haploid,archaea,3223876,3223876,64,1,1,1,DOE Joint Genome Institute,Annotation submitted by DOE Joint Genome Institute,07/17/13,3187,3099,52,na,37,42.62
GCA_000015145.1,PRJNA208,SAMN02604082,na,representative genome,415426,54248,Hyperthermus butylicus DSM 5456,strain=DSM 5456,na,latest,Complete Genome,Major,Full,22/01/2007,ASM1514v1,Univ. Copenhagen,GCF_000015145.1,identical,https://ftp.ncbi.nlm.nih.gov/genomes/all/GCA/000/015/145/GCA_000015145.1_ASM1514v1,na,assembly from type material,na,haploid,archaea,1667163,1667163,53.5,1,1,1,Univ. Copenhagen,Annotation submitted by Univ. Copenhagen,06/01/2018,1672,1602,52,17350933,99,106.92
GCA_000017945.1,PRJNA13914,SAMN02598324,na,representative genome,453591,160233,Ignicoccus hospitalis KIN4/I,strain=KIN4/I,na,latest,Complete Genome,Major,Full,29/08/2007,ASM1794v1,US DOE Joint Genome Institute,GCF_000017945.1,identical,https://ftp.ncbi.nlm.nih.gov/genomes/all/GCA/000/017/945/GCA_000017945.1_ASM1794v1,na,assembly from type material,na,haploid,archaea,1297538,1297538,56.5,1,1,1,US DOE Joint Genome Institute,Annotation submitted by US DOE Joint Genome Institute,01/28/14,1492,1434,48,19000309,90,88.33
GCA_001481685.1,PRJNA61347,SAMN04316368,na,representative genome,940295,54259,Ignicoccus islandicus DSM 13165,strain=DSM 13165,na,latest,Complete Genome,Major,Full,23/12/2015,ASM148168v1,Oak Ridge National Laboratory,GCF_001481685.1,identical,https://ftp.ncbi.nlm.nih.gov/genomes/all/GCA/001/481/685/GCA_001481685.1_ASM148168v1,na,assembly from type material,na,haploid,archaea,1394664,1394664,44.5,1,1,1,NCBI,NCBI Prokaryotic Genome Annotation Pipeline,11/05/2013,1578,1511,52,na,90,91.31
GCA_025340205.1,PRJNA61345,SAMN04316367,na,na,940294,114376,Ignicoccus pacificus DSM 13166,strain=DSM 13166,na,latest,Complete Genome,Major,Full,21/09/2022,ASM2534020v1,Oak Ridge National Laboratory,na,na,https://ftp.ncbi.nlm.nih.gov/genomes/all/GCA/025/340/205/GCA_025340205.1_ASM2534020v1,na,assembly from type material,na,haploid,archaea,1685057,1685057,48,1,1,1,NCBI,NCBI Prokaryotic Genome Annotation Pipeline,11/05/2013,1943,1862,51,na,90,86.28
GCA_000145985.1,PRJNA33361,SAMN00016987,na,na,583356,334771,Ignisphaera aggregans DSM 17230,strain=DSM 17230,na,latest,Complete Genome,Major,Full,24/08/2010,ASM14598v1,US DOE Joint Genome Institute (JGI-PGF),GCF_000145985.1,identical,https://ftp.ncbi.nlm.nih.gov/genomes/all/GCA/000/145/985/GCA_000145985.1_ASM14598v1,missing rRNA genes,assembly from type material,na,haploid,archaea,1875953,1875953,35.5,1,1,1,US DOE Joint Genome Institute (JGI-PGF),Annotation submitted by US DOE Joint Genome Institute (JGI-PGF),01/02/2014,2039,1930,47,21304693,92,109.78
GCA_003201675.2,PRJNA463410,SAMN09071531,na,representative genome,1293036,79601,Metallosphaera hakonensis JCM 8857 = DSM 7519,strain=HO1-1,na,latest,Complete Genome,Major,Full,10/03/2020,ASM320167v2,North Carolina State University,GCF_003201675.2,identical,https://ftp.ncbi.nlm.nih.gov/genomes/all/GCA/003/201/675/GCA_003201675.2_ASM320167v2,na,assembly from type material,na,haploid,archaea,2544115,2544115,43.5,1,1,1,NCBI,NCBI Prokaryotic Genome Annotation Pipeline (PGAP),10/23/19,2599,2379,51,na,67,75.6
GCA_005222525.1,PRJNA463410,SAMN09071532,na,representative genome,47304,47304,Metallosphaera prunae,strain=Ron 12/II,na,latest,Complete Genome,Major,Full,07/05/2019,ASM522252v1,North Carolina State University,GCF_005222525.1,identical,https://ftp.ncbi.nlm.nih.gov/genomes/all/GCA/005/222/525/GCA_005222525.1_ASM522252v1,na,assembly from type material,na,haploid,archaea,2202576,2202576,46,1,1,1,NCBI,NCBI Prokaryotic Genome Annotation Pipeline,07/23/18,2393,2310,49,na,75,77.18
GCA_001266655.1,PRJNA289697,SAMN03857118,na,na,43687,43687,Metallosphaera sedula,strain=ARS50-1,na,latest,Complete Genome,Major,Full,12/08/2015,ASM126665v1,University of Nebraska-Lincoln,GCF_001266655.1,identical,https://ftp.ncbi.nlm.nih.gov/genomes/all/GCA/001/266/655/GCA_001266655.1_ASM126665v1,na,na,na,haploid,archaea,2191533,2191533,46,1,1,1,NCBI,NCBI Prokaryotic Genome Annotation Pipeline,07/20/15,2354,2244,48,26430052,67,77.56
GCA_001266735.1,PRJNA290374,SAMN03890864,na,na,43687,43687,Metallosphaera sedula,strain=SARC-M1,na,latest,Complete Genome,Major,Full,12/08/2015,ASM126673v1,University of Nebraska-Lincoln,GCF_001266735.1,identical,https://ftp.ncbi.nlm.nih.gov/genomes/all/GCA/001/266/735/GCA_001266735.1_ASM126673v1,na,na,na,haploid,archaea,2191533,2191533,46,1,1,1,NCBI,NCBI Prokaryotic Genome Annotation Pipeline,07/28/15,2359,2250,48,na,67,77.58
GCA_001266695.1,PRJNA289698,SAMN03857129,na,na,43687,43687,Metallosphaera sedula,strain=ARS120-1,na,latest,Complete Genome,Major,Full,12/08/2015,ASM126669v1,University of Nebraska-Lincoln,GCF_001266695.1,identical,https://ftp.ncbi.nlm.nih.gov/genomes/all/GCA/001/266/695/GCA_001266695.1_ASM126669v1,na,na,na,haploid,archaea,2191531,2191531,46,1,1,1,NCBI,NCBI Prokaryotic Genome Annotation Pipeline,07/20/15,2354,2245,48,26430052,67,77.57
GCA_001266715.1,PRJNA289699,SAMN03857133,na,na,43687,43687,Metallosphaera sedula,strain=ARS120-2,na,latest,Complete Genome,Major,Full,12/08/2015,ASM126671v1,University of Nebraska-Lincoln,GCF_001266715.1,identical,https://ftp.ncbi.nlm.nih.gov/genomes/all/GCA/001/266/715/GCA_001266715.1_ASM126671v1,na,na,na,haploid,archaea,2191533,2191533,46,1,1,1,NCBI,NCBI Prokaryotic Genome Annotation Pipeline,07/20/15,2355,2245,48,26430052,67,77.57
GCA_001266675.1,PRJNA289701,SAMN03857124,na,na,43687,43687,Metallosphaera sedula,strain=ARS50-2,na,latest,Complete Genome,Major,Full,12/08/2015,ASM126667v1,University of Nebraska-Lincoln,GCF_001266675.1,identical,https://ftp.ncbi.nlm.nih.gov/genomes/all/GCA/001/266/675/GCA_001266675.1_ASM126667v1,na,na,na,haploid,archaea,2191529,2191529,46,1,1,1,NCBI,NCBI Prokaryotic Genome Annotation Pipeline,07/20/15,2357,2246,49,26430052,67,77.57
GCA_023169565.1,PRJDB8408,SAMD00173596,na,na,43687,43687,Metallosphaera sedula,strain=MJ1HA,na,latest,Complete Genome,Major,Full,22/02/2022,ASM2316956v1,RIKEN,GCF_023169565.1,identical,https://ftp.ncbi.nlm.nih.gov/genomes/all/GCA/023/169/565/GCA_023169565.1_ASM2316956v1,na,na,na,haploid,archaea,2283739,2283739,46,1,1,1,RIKEN,Annotation submitted by RIKEN,02/23/22,2625,2574,51,35993221,67,78.1
GCA_000016605.1,PRJNA17447,SAMN02598389,na,na,399549,43687,Metallosphaera sedula DSM 5348,strain=DSM 5348,na,latest,Complete Genome,Major,Full,25/04/2007,ASM1660v1,US DOE Joint Genome Institute,GCF_000016605.1,identical,https://ftp.ncbi.nlm.nih.gov/genomes/all/GCA/000/016/605/GCA_000016605.1_ASM1660v1,unverified source organism; not used as type,na,na,haploid,archaea,2191517,2191517,46,1,1,1,US DOE Joint Genome Institute,Annotation submitted by US DOE Joint Genome Institute,01/28/14,2341,2256,42,18083856,67,77.3
GCA_030296715.1,PRJDB15044,SAMD00582126,na,na,710191,710191,Methanobacterium ferruginis,strain=NBRC 105197,na,latest,Complete Genome,Major,Full,24/03/2023,ASM3029671v1,WFCC-MIRCEN World Data Centre for Microorganisms (WDCM),GCF_030296715.1,identical,https://ftp.ncbi.nlm.nih.gov/genomes/all/GCA/030/296/715/GCA_030296715.1_ASM3029671v1,na,assembly from type material,na,haploid,archaea,2803797,2803797,37,1,1,1,WFCC-MIRCEN World Data Centre for Microorganisms (WDCM),Annotation submitted by WFCC-MIRCEN World Data Centre for Microorganisms (WDCM),03/24/23,2979,2931,48,30832757,37,45.05
GCA_001458655.1,PRJEB7298,SAMEA2779801,na,representative genome,2162,2162,Methanobacterium formicicum,na,Mb9,latest,Complete Genome,Major,Full,16/11/2015,Mb9,CEBITEC,GCF_001458655.1,identical,https://ftp.ncbi.nlm.nih.gov/genomes/all/GCA/001/458/655/GCA_001458655.1_Mb9,na,na,na,haploid,archaea,2494510,2494510,41,1,1,1,CEBITEC,Annotation submitted by CEBITEC,11/16/15,2465,2416,49,na,37,47.93
GCA_000191585.1,PRJNA53495,SAMN02232037,na,representative genome,877455,877455,Methanobacterium lacus,strain=AL-21,na,latest,Complete Genome,Major,Full,07/03/2011,ASM19158v1,US DOE Joint Genome Institute,GCF_000191585.1,identical,https://ftp.ncbi.nlm.nih.gov/genomes/all/GCA/000/191/585/GCA_000191585.1_ASM19158v1,na,na,na,haploid,archaea,2583753,2583753,35.5,1,1,1,US DOE Joint Genome Institute,Annotation submitted by US DOE Joint Genome Institute,06/08/2015,2584,2493,51,24449792,30,39.07
GCA_000214725.1,PRJNA53561,SAMN00713630,na,representative genome,868131,868131,Methanobacterium paludis,strain=SWAN1,na,latest,Complete Genome,Major,Full,24/05/2011,ASM21472v1,US DOE Joint Genome Institute,GCF_000214725.1,identical,https://ftp.ncbi.nlm.nih.gov/genomes/all/GCA/000/214/725/GCA_000214725.1_ASM21472v1,na,assembly from type material,na,haploid,archaea,2546541,2546541,35.5,1,1,1,US DOE Joint Genome Institute,Annotation submitted by US DOE Joint Genome Institute,05/29/14,2500,2397,58,24449792,28,40.64
GCA_030296735.1,PRJDB15044,SAMD00582127,na,na,710190,710190,Methanobacterium petrolearium,strain=NBRC 105198,na,latest,Complete Genome,Major,Full,24/03/2023,ASM3029673v1,WFCC-MIRCEN World Data Centre for Microorganisms (WDCM),na,na,https://ftp.ncbi.nlm.nih.gov/genomes/all/GCA/030/296/735/GCA_030296735.1_ASM3029673v1,contaminated; not used as type,na,na,haploid,archaea,2532033,2532033,37.5,2,2,2,WFCC-MIRCEN World Data Centre for Microorganisms (WDCM),Annotation submitted by WFCC-MIRCEN World Data Centre for Microorganisms (WDCM),03/24/23,2842,2798,44,30832757,35,42.97
GCA_002813655.1,PRJNA349209,SAMN05928840,na,na,59277,59277,Methanobacterium subterraneum,strain=MO-MB1,na,latest,Complete Genome,Major,Full,07/12/2017,ASM281365v1,Japan Agency for Marine-Earth Science and technology,GCF_002813655.1,identical,https://ftp.ncbi.nlm.nih.gov/genomes/all/GCA/002/813/655/GCA_002813655.1_ASM281365v1,na,na,na,haploid,archaea,2506225,2506225,39,1,1,1,NCBI,NCBI Prokaryotic Genome Annotation Pipeline,10/21/16,2415,2284,50,na,37,46.54
GCA_027555045.1,PRJNA674001,SAMN16605913,na,na,145262,145262,Methanothermobacter thermautotrophicus,strain=Z-245,na,latest,Complete Genome,Major,Full,03/01/2023,ASM2755504v1,University of Tuebingen,GCF_027555045.1,identical,https://ftp.ncbi.nlm.nih.gov/genomes/all/GCA/027/555/045/GCA_027555045.1_ASM2755504v1,na,na,na,haploid,archaea,1769813,1769813,49,2,2,2,NCBI,NCBI Prokaryotic Genome Annotation Pipeline (PGAP),11/09/2020,1852,1775,48,na,60,76.38
GCA_027554905.1,PRJNA674001,SAMN16604535,na,representative genome,145262,145262,Methanothermobacter thermautotrophicus,strain=Delta H,na,latest,Complete Genome,Major,Full,03/01/2023,ASM2755490v1,University of Tuebingen,GCF_027554905.1,identical,https://ftp.ncbi.nlm.nih.gov/genomes/all/GCA/027/554/905/GCA_027554905.1_ASM2755490v1,na,assembly from type material,na,haploid,archaea,1751429,1751429,49.5,1,1,1,NCBI,NCBI Prokaryotic Genome Annotation Pipeline (PGAP),11/09/2020,1844,1769,48,na,60,76.61
GCA_000008645.1,PRJNA289,SAMN02603244,na,na,187420,145262,Methanothermobacter thermautotrophicus str. Delta H,strain=Delta H,na,latest,Complete Genome,Major,Full,22/12/1999,ASM864v1,Genome Therapeutics Corporation,GCF_000008645.1,identical,https://ftp.ncbi.nlm.nih.gov/genomes/all/GCA/000/008/645/GCA_000008645.1_ASM864v1,na,assembly from type material,na,haploid,archaea,1751377,1751377,49.5,1,1,1,Genome Therapeutics Corporation,Annotation submitted by Genome Therapeutics Corporation,01/30/14,1916,1869,47,9371463,60,75.36
GCA_900095815.1,PRJEB15255,SAMEA4408318,na,na,145261,145261,Methanothermobacter wolfeii,na,SIV6,latest,Complete Genome,Major,Full,16/12/2016,SIV6,CEBITEC,GCF_900095815.1,identical,https://ftp.ncbi.nlm.nih.gov/genomes/all/GCA/900/095/815/GCA_900095815.1_SIV6,contaminated,na,na,haploid,archaea,1686891,1686891,48.5,1,1,1,CEBITEC,Annotation submitted by CEBITEC,12/16/16,1836,1792,44,na,60,74.56
GCA_025397995.1,PRJNA622823,SAMN30825859,na,representative genome,145261,145261,Methanothermobacter wolfeii,strain=DSM 2970,na,latest,Complete Genome,Major,Full,24/09/2022,ASM2539799v1,NEB,GCF_025397995.1,identical,https://ftp.ncbi.nlm.nih.gov/genomes/all/GCA/025/397/995/GCA_025397995.1_ASM2539799v1,na,assembly from type material,na,haploid,archaea,1706705,1706705,48.5,1,1,1,NCBI,NCBI Prokaryotic Genome Annotation Pipeline (PGAP),09/16/22,1888,1817,49,na,60,74.45
GCA_001477655.1,PRJNA49589,SAMN03438115,na,na,230361,230361,Methanobrevibacter millerae,strain=SM9,na,latest,Complete Genome,Major,Full,22/12/2015,ASM147765v1,PGgRc,GCF_001477655.1,identical,https://ftp.ncbi.nlm.nih.gov/genomes/all/GCA/001/477/655/GCA_001477655.1_ASM147765v1,na,na,na,haploid,archaea,2543538,2543538,31.5,1,1,1,PGgRc,Annotation submitted by PGgRc,12/22/15,2370,2269,47,na,37,34.65
GCA_022846155.1,PRJDB11902,SAMD00389909,na,na,2173,2173,Methanobrevibacter smithii,strain=CE91-St67,na,latest,Complete Genome,Major,Full,04/02/2022,ASM2284615v1,"Laboratory for Microbiome Sciences, Center for Integrative Medical Sciences, RIKEN",GCF_022846155.1,identical,https://ftp.ncbi.nlm.nih.gov/genomes/all/GCA/022/846/155/GCA_022846155.1_ASM2284615v1,na,na,na,haploid,archaea,1791153,1791153,31,1,1,1,"Laboratory for Microbiome Sciences, Center for Integrative Medical Sciences, RIKEN","Annotation submitted by Laboratory for Microbiome Sciences, Center for Integrative Medical Sciences, RIKEN",02/03/2022,1756,1719,37,na,37,34.92
GCA_000739065.1,PRJNA242490,SAMN02951366,na,representative genome,1301915,1301915,Methanocaldococcus bathoardescens,strain=JH146,na,latest,Complete Genome,Major,Full,12/08/2014,ASM73906v1,Kyung Hee University,GCF_000739065.1,identical,https://ftp.ncbi.nlm.nih.gov/genomes/all/GCA/000/739/065/GCA_000739065.1_ASM73906v1,na,assembly from type material,na,haploid,archaea,1607556,1607556,30.5,1,1,1,Kyung Hee University,Annotation submitted by Kyung Hee University,11/20/19,1685,1635,41,25634941;26094864,80,80.13
GCA_000023985.1,PRJNA32615,SAMN02598490,na,representative genome,573064,83171,Methanocaldococcus fervens AG86,strain=AG86,na,latest,Complete Genome,Major,Full,28/08/2009,ASM2398v1,US DOE Joint Genome Institute (JGI-PGF),GCF_000023985.1,identical,https://ftp.ncbi.nlm.nih.gov/genomes/all/GCA/000/023/985/GCA_000023985.1_ASM2398v1,na,assembly from type material,na,haploid,archaea,1507251,1507251,32,2,2,2,US DOE Joint Genome Institute (JGI-PGF),Annotation submitted by US DOE Joint Genome Institute (JGI-PGF),07/24/16,1665,1581,45,na,85,78.91
GCA_000092305.1,PRJNA32611,SAMN00017484,na,representative genome,573063,67760,Methanocaldococcus infernus ME,strain=ME,na,latest,Complete Genome,Major,Full,30/04/2010,ASM9230v1,US DOE Joint Genome Institute (JGI-PGF),GCF_000092305.1,identical,https://ftp.ncbi.nlm.nih.gov/genomes/all/GCA/000/092/305/GCA_000092305.1_ASM9230v1,na,assembly from type material,na,haploid,archaea,1328194,1328194,33.5,1,1,1,US DOE Joint Genome Institute (JGI-PGF),Annotation submitted by US DOE Joint Genome Institute (JGI-PGF),12/11/2013,1513,1441,46,na,85,94.77
GCA_000091665.1,PRJNA102,SAMN02603984,na,representative genome,243232,2190,Methanocaldococcus jannaschii DSM 2661,strain=DSM 2661,na,latest,Complete Genome,Major,Full,22/12/1999,ASM9166v1,TIGR,GCF_000091665.1,identical,https://ftp.ncbi.nlm.nih.gov/genomes/all/GCA/000/091/665/GCA_000091665.1_ASM9166v1,na,assembly from type material,na,haploid,archaea,1739927,1739927,31,3,3,3,TIGR,Annotation submitted by TIGR,05/12/2016,1821,1770,43,8688087,80,80.74
GCA_000024625.1,PRJNA33047,SAMN02598493,na,representative genome,579137,73913,Methanocaldococcus vulcanius M7,strain=M7,na,latest,Complete Genome,Major,Full,15/10/2009,ASM2462v1,US DOE Joint Genome Institute (JGI-PGF),GCF_000024625.1,identical,https://ftp.ncbi.nlm.nih.gov/genomes/all/GCA/000/024/625/GCA_000024625.1_ASM2462v1,na,assembly from type material,na,haploid,archaea,1761737,1761737,31.5,3,3,3,US DOE Joint Genome Institute (JGI-PGF),Annotation submitted by US DOE Joint Genome Institute (JGI-PGF),07/24/16,1808,1742,43,na,80,75.97
GCA_000063445.1,PRJNA19641,SAMEA3138262,na,representative genome,351160,1175445,Methanocella arvoryzae MRE50,strain=MRE50,na,latest,Complete Genome,Major,Full,12/10/2006,ASM6344v1,Max Planck Institute,GCF_000063445.1,identical,https://ftp.ncbi.nlm.nih.gov/genomes/all/GCA/000/063/445/GCA_000063445.1_ASM6344v1,na,assembly from type material,na,haploid,archaea,3179916,3179916,54.5,1,1,1,Max Planck Institute,Annotation submitted by Max Planck Institute,02/28/15,3124,3085,21,16857943,45,41.49
GCA_000251105.1,PRJNA73221,SAMN02603117,na,representative genome,1041930,1175444,Methanocella conradii HZ254,strain=HZ254,na,latest,Complete Genome,Major,Full,07/03/2012,ASM25110v1,China Agricultural University,GCF_000251105.1,identical,https://ftp.ncbi.nlm.nih.gov/genomes/all/GCA/000/251/105/GCA_000251105.1_ASM25110v1,na,assembly from type material,na,haploid,archaea,2378438,2378438,52.5,1,1,1,China Agricultural University,Annotation submitted by China Agricultural University,10/27/15,2573,2455,57,22493204;25727385;22530002,50,48.77
GCA_000011005.1,PRJDA20361,SAMD00060931,na,representative genome,304371,570267,Methanocella paludicola SANAE,strain=SANAE,na,latest,Complete Genome,Major,Full,25/12/2009,ASM1100v1,NITE,GCF_000011005.1,identical,https://ftp.ncbi.nlm.nih.gov/genomes/all/GCA/000/011/005/GCA_000011005.1_ASM1100v1,na,assembly from type material,na,haploid,archaea,2957635,2957635,54.5,1,1,1,NITE,Annotation submitted by NITE,10/07/2016,3062,3004,58,17483259;18398197,37,39.79
GCA_000013725.1,PRJNA9634,SAMN02598545,na,representative genome,259564,29291,Methanococcoides burtonii DSM 6242,strain=DSM 6242,na,latest,Complete Genome,Major,Full,10/04/2006,ASM1372v1,DOE Joint Genome Institute,GCF_000013725.1,identical,https://ftp.ncbi.nlm.nih.gov/genomes/all/GCA/000/013/725/GCA_000013725.1_ASM1372v1,na,assembly from type material,na,haploid,archaea,2575032,2575032,40.5,1,1,1,DOE Joint Genome Institute,Annotation submitted by DOE Joint Genome Institute,01/28/14,2500,2272,66,na,21,43.37
GCA_000970325.1,PRJNA230935,SAMN03074571,na,na,1434104,2226,Methanococcoides methylutens MM1,strain=MM1,na,latest,Complete Genome,Major,Full,07/04/2015,ASM97032v1,University of Illinois at Urbana-Champaign,GCF_000970325.1,identical,https://ftp.ncbi.nlm.nih.gov/genomes/all/GCA/000/970/325/GCA_000970325.1_ASM97032v1,na,na,na,haploid,archaea,2394636,2394636,44,1,1,1,University of Illinois at Urbana-Champaign,Annotation submitted by University of Illinois at Urbana-Champaign,04/07/2015,2267,2203,60,na,28,46.47
GCA_025449255.1,PRJNA622823,SAMN30825808,na,na,42879,42879,Methanococcus aeolicus,strain=PL15/HP,na,latest,Complete Genome,Major,Full,28/09/2022,ASM2544925v1,NEB,GCF_025449255.1,identical,https://ftp.ncbi.nlm.nih.gov/genomes/all/GCA/025/449/255/GCA_025449255.1_ASM2544925v1,na,na,na,haploid,archaea,1677738,1677738,29.5,1,1,1,NCBI,NCBI Prokaryotic Genome Annotation Pipeline (PGAP),09/22/22,1664,1595,49,na,38,47.58
GCA_000017185.1,PRJNA18641,SAMN00623051,na,representative genome,419665,42879,Methanococcus aeolicus Nankai-3,strain=Nankai-3,na,latest,Complete Genome,Major,Full,29/06/2007,ASM1718v1,US DOE Joint Genome Institute (JGI-PGF),GCF_000017185.1,identical,https://ftp.ncbi.nlm.nih.gov/genomes/all/GCA/000/017/185/GCA_000017185.1_ASM1718v1,na,assembly from type material,na,haploid,archaea,1569500,1569500,30,1,1,1,US DOE Joint Genome Institute (JGI-PGF),Annotation submitted by US DOE Joint Genome Institute (JGI-PGF),12/11/2013,1552,1490,43,na,38,47.36
GCA_010706455.1,PRJNA557089,SAMN12565415,na,na,2209,2209,Methanosarcina mazei,strain=zm-15,na,latest,Complete Genome,Major,Full,18/02/2020,ASM1070645v1,Peking University,GCF_010706455.1,identical,https://ftp.ncbi.nlm.nih.gov/genomes/all/GCA/010/706/455/GCA_010706455.1_ASM1070645v1,na,na,na,haploid,archaea,4323149,4323149,41,1,1,1,NCBI,NCBI Prokaryotic Genome Annotation Pipeline (PGAP),08/14/19,3612,3347,68,31876088,37,51.47
GCA_000970245.1,PRJNA230945,SAMN03074581,na,na,1434113,2209,Methanosarcina mazei C16,strain=C16,na,latest,Complete Genome,Major,Full,07/04/2015,ASM97024v1,University of Illinois at Urbana-Champaign,GCF_000970245.1,identical,https://ftp.ncbi.nlm.nih.gov/genomes/all/GCA/000/970/245/GCA_000970245.1_ASM97024v1,na,assembly from synonym type material,na,haploid,archaea,4166241,4166241,41,1,1,1,University of Illinois at Urbana-Champaign,Annotation submitted by University of Illinois at Urbana-Champaign,04/07/2015,3437,3371,65,na,37,50.61
GCA_000970165.1,PRJNA230950,SAMN03074586,na,na,1434117,2209,Methanosarcina mazei WWM610,strain=WWM610,na,latest,Complete Genome,Major,Full,07/04/2015,ASM97016v1,University of Illinois at Urbana-Champaign,GCF_000970165.1,identical,https://ftp.ncbi.nlm.nih.gov/genomes/all/GCA/000/970/165/GCA_000970165.1_ASM97016v1,na,na,na,haploid,archaea,4096482,4096482,41,1,1,1,University of Illinois at Urbana-Champaign,Annotation submitted by University of Illinois at Urbana-Champaign,04/07/2015,3343,3278,64,na,37,50.83
GCA_000017165.1,PRJNA17889,SAMN02598403,na,representative genome,406327,2187,Methanococcus vannielii SB,strain=SB,na,latest,Complete Genome,Major,Full,29/06/2007,ASM1716v1,US DOE Joint Genome Institute (JGI-PGF),GCF_000017165.1,identical,https://ftp.ncbi.nlm.nih.gov/genomes/all/GCA/000/017/165/GCA_000017165.1_ASM1716v1,na,assembly from type material,na,haploid,archaea,1720048,1720048,31,1,1,1,US DOE Joint Genome Institute (JGI-PGF),Annotation submitted by US DOE Joint Genome Institute (JGI-PGF),01/28/14,1752,1678,48,na,36,53.27
GCA_000015765.1,PRJNA18109,SAMN00623052,na,representative genome,410358,83984,Methanocorpusculum labreanum Z,strain=Z,na,latest,Complete Genome,Major,Full,01/02/2007,ASM1576v1,DOE Joint Genome Institute,GCF_000015765.1,identical,https://ftp.ncbi.nlm.nih.gov/genomes/all/GCA/000/015/765/GCA_000015765.1_ASM1576v1,na,assembly from type material,na,haploid,archaea,1804962,1804962,50,1,1,1,DOE Joint Genome Institute,Annotation submitted by DOE Joint Genome Institute,12/11/2013,1819,1739,54,21304657,37,40.05
GCA_900079125.1,PRJEB13327,SAMEA3921042,na,na,83986,83986,Methanoculleus bourgensis,na,BA1,latest,Complete Genome,Major,Full,05/05/2016,MBBA,CEBITEC,GCF_900079125.1,identical,https://ftp.ncbi.nlm.nih.gov/genomes/all/GCA/900/079/125/GCA_900079125.1_MBBA,contaminated,na,na,haploid,archaea,2551189,2551189,60.5,1,1,1,CEBITEC,Annotation submitted by CEBITEC,05/05/2016,2576,2528,48,na,37,61.13
GCA_019669965.1,PRJDB8303,SAMD00171896,na,representative genome,118126,118126,Methanoculleus chikugoensis,strain=MG62,na,latest,Complete Genome,Major,Full,02/06/2021,ASM1966996v1,"Soil Biology and Chemistry, Department of Applied Biosciences, Graduate School of Bioagricultural Sciences, Nagoya University",GCF_019669965.1,identical,https://ftp.ncbi.nlm.nih.gov/genomes/all/GCA/019/669/965/GCA_019669965.1_ASM1966996v1,na,assembly from type material,na,haploid,archaea,2622259,2622259,61.5,1,1,1,"Soil Biology and Chemistry, Department of Applied Biosciences, Graduate School of Bioagricultural Sciences, Nagoya University","Annotation submitted by Soil Biology and Chemistry, Department of Applied Biosciences, Graduate School of Bioagricultural Sciences, Nagoya University",06/02/2021,2624,2575,49,na,28,59.92
GCA_000015825.1,PRJNA16330,SAMN02598365,na,representative genome,368407,2198,Methanoculleus marisnigri JR1,strain=JR1,na,latest,Complete Genome,Major,Full,16/02/2007,ASM1582v1,DOE Joint Genome Institute,GCF_000015825.1,identical,https://ftp.ncbi.nlm.nih.gov/genomes/all/GCA/000/015/825/GCA_000015825.1_ASM1582v1,na,assembly from type material,na,haploid,archaea,2478101,2478101,62,1,1,1,DOE Joint Genome Institute,Annotation submitted by DOE Joint Genome Institute,01/28/14,2555,2489,49,21304656,34,60.28
GCA_026684035.1,PRJNA905568,SAMN31875339,na,representative genome,2199,2199,Methanogenium organophilum,strain=DSM 3596,na,latest,Complete Genome,Major,Full,06/12/2022,ASM2668403v1,National Chung Hsing University,GCF_026684035.1,identical,https://ftp.ncbi.nlm.nih.gov/genomes/all/GCA/026/684/035/GCA_026684035.1_ASM2668403v1,na,assembly from type material,na,haploid,archaea,2648164,2648164,49.5,1,1,1,NCBI,NCBI Prokaryotic Genome Annotation Pipeline (PGAP),11/30/22,2596,2510,62,na,30,43.05
GCA_000196655.1,PRJNA37945,SAMN00015125,na,representative genome,644295,2322,Methanohalobium evestigatum Z-7303,strain=Z-7303,na,latest,Complete Genome,Major,Full,15/06/2010,ASM19665v1,US DOE Joint Genome Institute,GCF_000196655.1,identical,https://ftp.ncbi.nlm.nih.gov/genomes/all/GCA/000/196/655/GCA_000196655.1_ASM19665v1,na,assembly from type material,na,haploid,archaea,2406232,2406232,36,2,2,2,US DOE Joint Genome Institute,Annotation submitted by US DOE Joint Genome Institute,07/20/15,2437,2254,59,na,50,37.72
GCA_001889405.1,PRJNA342410,SAMN05756399,na,representative genome,2177,2177,Methanohalophilus halophilus,strain=Z-7982,na,latest,Complete Genome,Major,Full,06/12/2016,ASM188940v1,UBO,GCF_001889405.1,identical,https://ftp.ncbi.nlm.nih.gov/genomes/all/GCA/001/889/405/GCA_001889405.1_ASM188940v1,na,assembly from type material,na,haploid,archaea,2022959,2022959,42,1,1,1,NCBI,NCBI Prokaryotic Genome Annotation Pipeline,11/01/2016,2050,1981,54,na,30,42.78
GCA_029633915.1,PRJNA798152,SAMN25047802,na,na,487686,487686,Methanomicrobium antiquum,strain=DSM 21220,na,latest,Complete Genome,Major,Full,10/04/2023,ASM2963391v1,National Chung Hsing University,GCF_029633915.1,identical,https://ftp.ncbi.nlm.nih.gov/genomes/all/GCA/029/633/915/GCA_029633915.1_ASM2963391v1,na,assembly from type material,na,haploid,archaea,2438126,2438126,37.5,1,1,1,NCBI,NCBI Prokaryotic Genome Annotation Pipeline (PGAP),01/18/22,2373,2296,64,na,35,42.22
GCA_024662215.1,PRJNA801442,SAMN25349865,na,representative genome,33865,33865,Methanoplanus endosymbiosus,strain=DSM 3599,na,latest,Complete Genome,Major,Full,15/08/2022,ASM2466221v1,National Chung Hsing University,GCF_024662215.1,identical,https://ftp.ncbi.nlm.nih.gov/genomes/all/GCA/024/662/215/GCA_024662215.1_ASM2466221v1,na,assembly from type material,na,haploid,archaea,3163021,3163021,42,1,1,1,NCBI,NCBI Prokaryotic Genome Annotation Pipeline (PGAP),04/21/22,2924,2822,77,na,30,42.27
GCA_000007185.1,PRJNA294,SAMN02603235,na,representative genome,190192,2320,Methanopyrus kandleri AV19,strain=AV19,na,latest,Complete Genome,Major,Full,03/04/2002,ASM718v1,Fidelity Systems,GCF_000007185.1,identical,https://ftp.ncbi.nlm.nih.gov/genomes/all/GCA/000/007/185/GCA_000007185.1_ASM718v1,na,assembly from type material,na,haploid,archaea,1694969,1694969,61,1,1,1,Fidelity Systems,Annotation submitted by Fidelity Systems,01/30/14,1729,1687,38,11930014,98,112.44
GCA_000017625.1,PRJNA18505,SAMN02598409,na,representative genome,456442,358766,Methanoregula boonei 6A8,strain=6A8,na,latest,Complete Genome,Major,Full,26/07/2007,ASM1762v1,US DOE Joint Genome Institute,GCF_000017625.1,identical,https://ftp.ncbi.nlm.nih.gov/genomes/all/GCA/000/017/625/GCA_000017625.1_ASM1762v1,na,assembly from type material,na,haploid,archaea,2542943,2542943,54.5,1,1,1,US DOE Joint Genome Institute,Annotation submitted by US DOE Joint Genome Institute,08/25/17,2513,2450,49,na,28,34.86
GCA_000327485.1,PRJNA63567,SAMN02232038,na,representative genome,593750,882104,Methanoregula formicica SMSP,strain=SMSP,na,latest,Complete Genome,Major,Full,21/12/2012,ASM32748v1,DOE Joint Genome Institute,GCF_000327485.1,identical,https://ftp.ncbi.nlm.nih.gov/genomes/all/GCA/000/327/485/GCA_000327485.1_ASM32748v1,na,assembly from type material,na,haploid,archaea,2820858,2820858,55,1,1,1,DOE Joint Genome Institute,Annotation submitted by DOE Joint Genome Institute,08/31/17,2924,2816,54,25189582,30,37.97
GCA_000217995.1,PRJNA40771,SAMN02232039,na,representative genome,679901,39669,Methanosalsum zhilinae DSM 4017,strain=DSM 4017,na,latest,Complete Genome,Major,Full,13/06/2011,ASM21799v1,US DOE Joint Genome Institute (JGI-PGF),GCF_000217995.1,identical,https://ftp.ncbi.nlm.nih.gov/genomes/all/GCA/000/217/995/GCA_000217995.1_ASM21799v1,na,assembly from type material,na,haploid,archaea,2138444,2138444,39,1,1,1,US DOE Joint Genome Institute (JGI-PGF),Annotation submitted by US DOE Joint Genome Institute (JGI-PGF),06/25/15,2086,1976,61,na,41,48.5
GCA_000007345.1,PRJNA290,SAMN03081414,na,representative genome,188937,2214,Methanosarcina acetivorans C2A,strain=C2A,na,latest,Complete Genome,Major,Full,03/04/2002,ASM734v1,Broad Institute,GCF_000007345.1,identical,https://ftp.ncbi.nlm.nih.gov/genomes/all/GCA/000/007/345/GCA_000007345.1_ASM734v1,na,assembly from type material,na,haploid,archaea,5751492,5751492,42.5,1,1,1,Broad Institute,Annotation submitted by Broad Institute,05/06/2022,4662,4540,10,11932238,37,47.42
GCA_001027005.1,PRJNA49587,SAMN02866457,na,na,796385,2208,Methanosarcina barkeri CM1,strain=CM1,na,latest,Complete Genome,Major,Full,03/06/2015,ASM102700v1,PGgRc,GCF_001027005.1,identical,https://ftp.ncbi.nlm.nih.gov/genomes/all/GCA/001/027/005/GCA_001027005.1_ASM102700v1,na,na,na,haploid,archaea,4501171,4501171,39,1,1,1,PGgRc,Annotation submitted by PGgRc,09/30/15,3655,3523,69,26413197,35,45.35
GCA_000970065.1,PRJNA230937,SAMN03074573,na,representative genome,1434106,2208,Methanosarcina barkeri 227,strain=227,na,latest,Complete Genome,Major,Full,07/04/2015,ASM97006v1,University of Illinois at Urbana-Champaign,GCF_000970065.1,identical,https://ftp.ncbi.nlm.nih.gov/genomes/all/GCA/000/970/065/GCA_000970065.1_ASM97006v1,na,na,na,haploid,archaea,4487566,4487566,39,2,2,2,University of Illinois at Urbana-Champaign,Annotation submitted by University of Illinois at Urbana-Champaign,07/26/16,3537,3469,65,na,35,45.05
GCA_000970305.1,PRJNA230938,SAMN03074574,na,na,1434107,2208,Methanosarcina barkeri 3,strain=3,na,latest,Complete Genome,Major,Full,07/04/2015,ASM97030v1,University of Illinois at Urbana-Champaign,GCF_000970305.1,identical,https://ftp.ncbi.nlm.nih.gov/genomes/all/GCA/000/970/305/GCA_000970305.1_ASM97030v1,na,na,na,haploid,archaea,4560446,4560446,39,1,1,1,University of Illinois at Urbana-Champaign,Annotation submitted by University of Illinois at Urbana-Champaign,04/07/2015,3546,3475,69,na,35,45.22
GCA_000970025.1,PRJNA230939,SAMN03074575,na,na,1434108,2208,Methanosarcina barkeri MS,strain=MS,na,latest,Complete Genome,Major,Full,07/04/2015,ASM97002v1,University of Illinois at Urbana-Champaign,GCF_000970025.1,identical,https://ftp.ncbi.nlm.nih.gov/genomes/all/GCA/000/970/025/GCA_000970025.1_ASM97002v1,na,assembly from type material,na,haploid,archaea,4574907,4574907,39,2,2,2,University of Illinois at Urbana-Champaign,Annotation submitted by University of Illinois at Urbana-Champaign,07/26/16,3585,3518,64,na,35,45.03
GCA_000969985.1,PRJNA230940,SAMN03074576,na,na,1434109,2208,Methanosarcina barkeri str. Wiesmoor,strain=Wiesmoor,na,latest,Complete Genome,Major,Full,07/04/2015,ASM96998v1,University of Illinois at Urbana-Champaign,GCF_000969985.1,identical,https://ftp.ncbi.nlm.nih.gov/genomes/all/GCA/000/969/985/GCA_000969985.1_ASM96998v1,na,na,na,haploid,archaea,4907186,4907186,39,2,2,2,University of Illinois at Urbana-Champaign,Annotation submitted by University of Illinois at Urbana-Champaign,07/26/16,3815,3745,67,na,35,44.58
GCA_001304615.2,PRJNA295508,SAMN04074913,na,representative genome,1715806,1715806,Methanosarcina flavescens,strain=E03.2,na,latest,Complete Genome,Major,Full,16/10/2018,ASM130461v2,BioPara,GCF_001304615.2,identical,https://ftp.ncbi.nlm.nih.gov/genomes/all/GCA/001/304/615/GCA_001304615.2_ASM130461v2,na,assembly from type material,na,haploid,archaea,3283688,3283688,41,1,1,1,NCBI,NCBI Prokaryotic Genome Annotation Pipeline,10/03/2018,2887,2677,60,26763977,45,54.28
GCA_000970285.1,PRJNA230942,SAMN03074578,na,representative genome,1434110,418008,Methanosarcina horonobensis HB-1 = JCM 15518,strain=HB-1,na,latest,Complete Genome,Major,Full,07/04/2015,ASM97028v1,University of Illinois at Urbana-Champaign,GCF_000970285.1,identical,https://ftp.ncbi.nlm.nih.gov/genomes/all/GCA/000/970/285/GCA_000970285.1_ASM97028v1,na,assembly from type material,na,haploid,archaea,5018607,5018607,41,1,1,1,University of Illinois at Urbana-Champaign,Annotation submitted by University of Illinois at Urbana-Champaign,04/07/2015,4161,4095,64,na,37,50.44
GCA_000970265.1,PRJNA230943,SAMN03074579,na,representative genome,1434111,170861,Methanosarcina lacustris Z-7289,strain=Z-7289,na,latest,Complete Genome,Major,Full,07/04/2015,ASM97026v1,University of Illinois at Urbana-Champaign,GCF_000970265.1,identical,https://ftp.ncbi.nlm.nih.gov/genomes/all/GCA/000/970/265/GCA_000970265.1_ASM97026v1,na,na,na,haploid,archaea,4139808,4139808,41.5,1,1,1,University of Illinois at Urbana-Champaign,Annotation submitted by University of Illinois at Urbana-Champaign,04/07/2015,3287,3222,63,na,23,47.68
GCA_000970125.1,PRJNA230952,SAMN03074588,na,na,1434119,38027,Methanosarcina siciliae HI350,strain=HI350,na,latest,Complete Genome,Major,Full,07/04/2015,ASM97012v1,University of Illinois at Urbana-Champaign,GCF_000970125.1,identical,https://ftp.ncbi.nlm.nih.gov/genomes/all/GCA/000/970/125/GCA_000970125.1_ASM97012v1,na,na,na,haploid,archaea,4941115,4941115,43,1,1,1,University of Illinois at Urbana-Champaign,Annotation submitted by University of Illinois at Urbana-Champaign,04/07/2015,3965,3900,64,na,37,47.71
GCA_003584605.1,PRJDB5067,SAMD00060421,na,na,2210,2210,Methanosarcina thermophila,strain=MT-1,na,latest,Complete Genome,Major,Full,07/12/2016,ASM358460v1,Tokyo University of Pharmacy and Life Sciences,na,na,https://ftp.ncbi.nlm.nih.gov/genomes/all/GCA/003/584/605/GCA_003584605.1_ASM358460v1,RefSeq annotation failed; derived from environmental source; incomplete metagenome-assembled genome,na,na,haploid,archaea,3194059,3194059,41,1,1,1,Tokyo University of Pharmacy and Life Sciences,Annotation submitted by Tokyo University of Pharmacy and Life Sciences,12/07/2016,2836,2772,64,na,51,53.71
GCA_000969885.1,PRJNA230961,SAMN03074597,na,representative genome,523844,2210,Methanosarcina thermophila TM-1,strain=TM-1,na,latest,Complete Genome,Major,Full,07/04/2015,ASM96988v1,University of Illinois at Urbana-Champaign,GCF_000969885.1,identical,https://ftp.ncbi.nlm.nih.gov/genomes/all/GCA/000/969/885/GCA_000969885.1_ASM96988v1,na,assembly from type material,na,haploid,archaea,3127379,3127379,41,1,1,1,University of Illinois at Urbana-Champaign,Annotation submitted by University of Illinois at Urbana-Champaign,04/07/2015,2627,2560,64,na,51,54.29
GCA_000969925.1,PRJNA230959,SAMN03074595,na,na,1434121,2210,Methanosarcina thermophila CHTI-55,strain=CHTI-55,na,latest,Complete Genome,Major,Full,07/04/2015,ASM96992v1,University of Illinois at Urbana-Champaign,GCF_000969925.1,identical,https://ftp.ncbi.nlm.nih.gov/genomes/all/GCA/000/969/925/GCA_000969925.1_ASM96992v1,na,na,na,haploid,archaea,3130228,3130228,41,1,1,1,University of Illinois at Urbana-Champaign,Annotation submitted by University of Illinois at Urbana-Champaign,04/07/2015,2612,2545,64,na,51,54.07
GCA_000969905.1,PRJNA230962,SAMN03074598,na,representative genome,1434123,2215,Methanosarcina vacuolata Z-761,strain=Z-761,na,latest,Complete Genome,Major,Full,07/04/2015,ASM96990v1,University of Illinois at Urbana-Champaign,GCF_000969905.1,identical,https://ftp.ncbi.nlm.nih.gov/genomes/all/GCA/000/969/905/GCA_000969905.1_ASM96990v1,na,assembly from type material,na,haploid,archaea,4563885,4563885,39.5,2,2,2,University of Illinois at Urbana-Champaign,Annotation submitted by University of Illinois at Urbana-Champaign,07/26/16,3576,3508,65,na,37,45.81
GCA_000021965.1,PRJNA29381,SAMN00001866,na,representative genome,521011,475088,Methanosphaerula palustris E1-9c,strain=E1-9c,na,latest,Complete Genome,Major,Full,05/01/2009,ASM2196v1,US DOE Joint Genome Institute (JGI-PGF),GCF_000021965.1,identical,https://ftp.ncbi.nlm.nih.gov/genomes/all/GCA/000/021/965/GCA_000021965.1_ASM2196v1,na,assembly from type material,na,haploid,archaea,2922917,2922917,55,1,1,1,US DOE Joint Genome Institute (JGI-PGF),Annotation submitted by US DOE Joint Genome Institute (JGI-PGF),08/25/17,2866,2655,70,26543115,28,38.66
GCA_000145295.1,PRJNA40103,SAMN02603260,na,representative genome,79929,145263,Methanothermobacter marburgensis str. Marburg,strain=Marburg,na,latest,Complete Genome,Major,Full,11/08/2010,ASM14529v1,Georg-August-University Goettingen,GCF_000145295.1,identical,https://ftp.ncbi.nlm.nih.gov/genomes/all/GCA/000/145/295/GCA_000145295.1_ASM14529v1,na,assembly from type material,na,haploid,archaea,1639135,1639135,48.5,2,2,2,Georg-August-University Goettingen,Annotation submitted by Georg-August-University Goettingen,06/25/15,1806,1757,49,20802048,60,74.96
GCA_027555065.1,PRJNA674001,SAMN16623210,na,na,145263,145263,Methanothermobacter marburgensis,strain=Marburg,na,latest,Complete Genome,Major,Full,03/01/2023,ASM2755506v1,University of Tuebingen,GCF_027555065.1,identical,https://ftp.ncbi.nlm.nih.gov/genomes/all/GCA/027/555/065/GCA_027555065.1_ASM2755506v1,na,assembly from type material,na,haploid,archaea,1639146,1639146,48.5,2,2,2,NCBI,NCBI Prokaryotic Genome Annotation Pipeline (PGAP),02/05/2021,1779,1696,49,na,60,75.12
GCA_023167465.1,PRJDB13305,SAMD00451045,na,representative genome,680118,680118,Methanothermobacter tenebrarum,strain=RMAS,na,latest,Complete Genome,Major,Full,07/04/2022,ASM2316746v1,"Faculty of Applied Biological Sciences, Gifu University",GCF_023167465.1,identical,https://ftp.ncbi.nlm.nih.gov/genomes/all/GCA/023/167/465/GCA_023167465.1_ASM2316746v1,na,assembly from type material,na,haploid,archaea,1495190,1495190,42,2,2,2,"Faculty of Applied Biological Sciences, Gifu University","Annotation submitted by Faculty of Applied Biological Sciences, Gifu University",04/08/2022,1676,1635,41,na,70,66.21
GCA_000179575.2,PRJNA43653,SAMN00100784,na,representative genome,647113,155863,Methanothermococcus okinawensis IH1,strain=IH1,na,latest,Complete Genome,Major,Full,06/06/2011,ASM17957v2,US DOE Joint Genome Institute (JGI-PGF),GCF_000179575.2,identical,https://ftp.ncbi.nlm.nih.gov/genomes/all/GCA/000/179/575/GCA_000179575.2_ASM17957v2,na,assembly from type material,na,haploid,archaea,1677455,1677455,29,2,2,2,US DOE Joint Genome Institute (JGI-PGF),Annotation submitted by US DOE Joint Genome Institute (JGI-PGF),07/25/16,1672,1595,46,na,65,54.38
GCA_000166095.1,PRJNA33689,SAMN02232040,na,representative genome,523846,2180,Methanothermus fervidus DSM 2088,strain=DSM 2088,na,latest,Complete Genome,Major,Full,05/11/2010,ASM16609v1,US DOE Joint Genome Institute (JGI-PGF),GCF_000166095.1,identical,https://ftp.ncbi.nlm.nih.gov/genomes/all/GCA/000/166/095/GCA_000166095.1_ASM16609v1,na,assembly from type material,na,haploid,archaea,1243342,1243342,31.5,1,1,1,US DOE Joint Genome Institute (JGI-PGF),Annotation submitted by US DOE Joint Genome Institute (JGI-PGF),07/17/13,1352,1283,49,21304736,81,59.1
GCA_000204415.1,PRJNA63185,SAMN02604263,na,representative genome,990316,2223,Methanothrix soehngenii GP6,strain=GP6,na,latest,Complete Genome,Major,Full,15/04/2011,ASM20441v1,University of Wisconsin-Parkside,GCF_000204415.1,identical,https://ftp.ncbi.nlm.nih.gov/genomes/all/GCA/000/204/415/GCA_000204415.1_ASM20441v1,na,assembly from synonym type material,na,haploid,archaea,3026645,3026645,50.5,2,2,2,University of Wisconsin-Parkside,Annotation submitted by University of Wisconsin-Parkside,07/25/16,2927,2850,42,21571998,35,49.63
GCA_000014945.1,PRJNA15765,SAMN02598350,na,representative genome,349307,2224,Methanothrix thermoacetophila PT,strain=PT,na,latest,Complete Genome,Major,Full,25/10/2006,ASM1494v1,US DOE Joint Genome Institute,GCF_000014945.1,identical,https://ftp.ncbi.nlm.nih.gov/genomes/all/GCA/000/014/945/GCA_000014945.1_ASM1494v1,na,assembly from synonym type material,na,haploid,archaea,1879471,1879471,53.5,1,1,1,US DOE Joint Genome Institute,Annotation submitted by US DOE Joint Genome Institute,01/28/14,1781,1696,42,na,58,73.54
GCA_000214415.1,PRJNA51821,SAMN00713627,na,representative genome,880724,2189,Methanotorris igneus Kol 5,strain=Kol 5,na,latest,Complete Genome,Major,Full,23/05/2011,ASM21441v1,US DOE Joint Genome Institute,GCF_000214415.1,identical,https://ftp.ncbi.nlm.nih.gov/genomes/all/GCA/000/214/415/GCA_000214415.1_ASM21441v1,na,assembly from type material,na,haploid,archaea,1854197,1854197,32,1,1,1,US DOE Joint Genome Institute,Annotation submitted by US DOE Joint Genome Institute,08/01/2012,1843,1772,42,na,85,75.24
GCA_000025625.1,PRJNA30691,SAMN02598473,na,representative genome,547559,13769,Natrialba magadii ATCC 43099,strain=ATCC 43099,na,latest,Complete Genome,Major,Full,24/02/2010,ASM2562v1,US DOE Joint Genome Institute (JGI-PGF),GCF_000025625.1,identical,https://ftp.ncbi.nlm.nih.gov/genomes/all/GCA/000/025/625/GCA_000025625.1_ASM2562v1,na,assembly from type material,na,haploid,archaea,4443643,4443643,61,4,4,4,US DOE Joint Genome Institute (JGI-PGF),Annotation submitted by US DOE Joint Genome Institute (JGI-PGF),09/15/16,4354,4204,60,22559199,37,44.04
GCA_000698785.1,PRJEA60103,SAMN02721150,na,representative genome,926571,1034015,Nitrososphaera viennensis EN76,strain=EN76,na,latest,Complete Genome,Major,Full,06/06/2014,ASM69878v1,University of Vienna,GCF_000698785.1,identical,https://ftp.ncbi.nlm.nih.gov/genomes/all/GCA/000/698/785/GCA_000698785.1_ASM69878v1,na,assembly from type material,na,haploid,archaea,2527938,2527938,52.5,1,1,1,University of Vienna,Annotation submitted by University of Vienna,08/20/14,3187,3123,47,24907263,42,24.77
GCA_024760425.1,PRJNA870303,SAMN30360716,na,na,1034015,1034015,Nitrososphaera viennensis,strain=PLX03,na,latest,Complete Genome,Major,Full,29/08/2022,ASM2476042v1,China University of Geosciences,GCF_024760425.1,identical,https://ftp.ncbi.nlm.nih.gov/genomes/all/GCA/024/760/425/GCA_024760425.1_ASM2476042v1,na,na,na,haploid,archaea,2521342,2521342,52.5,1,1,1,NCBI,NCBI Prokaryotic Genome Annotation Pipeline (PGAP),08/23/22,2990,2927,50,na,42,24.62
GCA_000725425.1,PRJNA207495,SAMN03081469,na,representative genome,1343739,971279,Palaeococcus pacificus DY20341,strain=DY20341,na,latest,Complete Genome,Major,Full,14/07/2014,ASM72542v1,"The third institute of oceanography of SOA,PRChina",GCF_000725425.1,identical,https://ftp.ncbi.nlm.nih.gov/genomes/all/GCA/000/725/425/GCA_000725425.1_ASM72542v1,na,assembly from type material,na,haploid,archaea,1859370,1859370,43,1,1,1,NCBI,NCBI Prokaryotic Genome Annotation Pipeline,06/10/2013,2046,1991,53,26383653,80,86.13
GCA_000008265.1,PRJNA10641,SAMN02603345,na,representative genome,1122961,46632,Picrophilus oshimae DSM 9789,strain=DSM 9790,na,latest,Complete Genome,Major,Full,08/06/2004,ASM826v1,"Institut of Microbiology and Genetics, University of Goettingen",GCF_000008265.1,identical,https://ftp.ncbi.nlm.nih.gov/genomes/all/GCA/000/008/265/GCA_000008265.1_ASM826v1,na,assembly from synonym type material,na,haploid,archaea,1545895,1545895,35.5,1,1,1,"Institut of Microbiology and Genetics, University of Goettingen","Annotation submitted by Institut of Microbiology and Genetics, University of Goettingen",01/30/14,1535,1535,0,15184674,57,55.69
GCA_000007225.1,PRJNA172,SAMN02604075,na,representative genome,178306,13773,Pyrobaculum aerophilum str. IM2,strain=IM2,na,latest,Complete Genome,Major,Full,24/01/2002,ASM722v1,UCLA/CalTech,GCF_000007225.1,identical,https://ftp.ncbi.nlm.nih.gov/genomes/all/GCA/000/007/225/GCA_000007225.1_ASM722v1,na,assembly from type material,na,haploid,archaea,2222430,2222430,51,1,1,1,UCLA/CalTech,Annotation submitted by UCLA/CalTech,11/23/09,2706,2605,90,11792869,98,91.34
GCA_000016385.1,PRJNA15582,SAMN02598330,na,representative genome,340102,121277,Pyrobaculum arsenaticum DSM 13514,strain=DSM 13514,na,latest,Complete Genome,Major,Full,16/04/2007,ASM1638v1,DOE Joint Genome Institute,GCF_000016385.1,identical,https://ftp.ncbi.nlm.nih.gov/genomes/all/GCA/000/016/385/GCA_000016385.1_ASM1638v1,na,assembly from type material,na,haploid,archaea,2121076,2121076,55,1,1,1,DOE Joint Genome Institute,Annotation submitted by DOE Joint Genome Institute,01/28/14,2407,2298,44,na,95,89.74
GCA_000015805.1,PRJNA18111,SAMN00623060,na,representative genome,410359,181486,Pyrobaculum calidifontis JCM 11548,strain=JCM 11548,na,latest,Complete Genome,Major,Full,27/02/2007,ASM1580v1,DOE Joint Genome Institute,GCF_000015805.1,identical,https://ftp.ncbi.nlm.nih.gov/genomes/all/GCA/000/015/805/GCA_000015805.1_ASM1580v1,na,assembly from type material,na,haploid,archaea,2009313,2009313,57,1,1,1,DOE Joint Genome Institute,Annotation submitted by DOE Joint Genome Institute,12/11/2013,2200,2149,16,na,90,92.57
GCA_000234805.1,PRJNA74711,SAMN02603094,na,representative genome,1104324,1104324,Pyrobaculum ferrireducens,strain=1860,na,latest,Complete Genome,Major,Full,10/11/2011,ASM23480v1,Centre Bioengineering RAS,GCF_000234805.1,identical,https://ftp.ncbi.nlm.nih.gov/genomes/all/GCA/000/234/805/GCA_000234805.1_ASM23480v1,na,assembly from type material,na,haploid,archaea,2467972,2467972,56.5,1,1,1,Centre Bioengineering RAS,Annotation submitted by Centre Bioengineering RAS,01/11/2016,2891,2827,34,22247528,90,95.46
GCA_000015205.1,PRJNA16743,SAMN02598374,na,representative genome,384616,2277,Pyrobaculum islandicum DSM 4184,strain=DSM 4184,na,latest,Complete Genome,Major,Full,20/12/2006,ASM1520v1,DOE Joint Genome Institute,GCF_000015205.1,identical,https://ftp.ncbi.nlm.nih.gov/genomes/all/GCA/000/015/205/GCA_000015205.1_ASM1520v1,na,assembly from type material,na,haploid,archaea,1826402,1826402,49.5,1,1,1,DOE Joint Genome Institute,Annotation submitted by DOE Joint Genome Institute,01/28/14,2062,1978,41,na,95,98.11
GCA_000019805.1,PRJNA15645,SAMN02598332,na,representative genome,444157,70771,Pyrobaculum neutrophilum V24Sta,strain=V24Sta,na,latest,Complete Genome,Major,Full,27/03/2008,ASM1980v1,US DOE Joint Genome Institute (JGI-PGF),GCF_000019805.1,identical,https://ftp.ncbi.nlm.nih.gov/genomes/all/GCA/000/019/805/GCA_000019805.1_ASM1980v1,na,assembly from type material,na,haploid,archaea,1769823,1769823,59.5,1,1,1,US DOE Joint Genome Institute (JGI-PGF),Annotation submitted by US DOE Joint Genome Institute (JGI-PGF),08/25/17,2053,1966,34,na,85,96.49
GCA_000247545.1,PRJNA42375,SAMN02604076,na,na,698757,99007,Pyrobaculum oguniense TE7,strain=TE7,na,latest,Complete Genome,Major,Full,10/02/2012,ASM24754v1,UCSC-Lowelab,GCF_000247545.1,identical,https://ftp.ncbi.nlm.nih.gov/genomes/all/GCA/000/247/545/GCA_000247545.1_ASM24754v1,missing rRNA genes,assembly from type material,na,haploid,archaea,2452920,2452920,55,2,2,2,UCSC-Lowelab,Annotation submitted by UCSC-Lowelab,01/31/14,3014,2835,145,23407329,90,89.78
GCA_000195935.2,PRJNA179,SAMEA3283067,na,representative genome,272844,29292,Pyrococcus abyssi GE5,strain=Orsay,na,latest,Complete Genome,Major,Full,06/05/2003,ASM19593v2,Genoscope,GCF_000195935.2,identical,https://ftp.ncbi.nlm.nih.gov/genomes/all/GCA/000/195/935/GCA_000195935.2_ASM19593v2,na,assembly from type material,na,haploid,archaea,1768562,1768562,44.5,2,2,7,Genoscope,Annotation submitted by Genoscope,03/16/15,1830,1784,46,12622808;8655503;10736225;11381026,90,100.01
GCA_000007305.1,PRJNA287,SAMN02604284,na,na,186497,2261,Pyrococcus furiosus DSM 3638,strain=DSM 3638,na,latest,Complete Genome,Major,Full,27/02/2002,ASM730v1,Utah Genome Center,GCF_000007305.1,identical,https://ftp.ncbi.nlm.nih.gov/genomes/all/GCA/000/007/305/GCA_000007305.1_ASM730v1,na,assembly from type material,na,haploid,archaea,1908256,1908256,40.5,1,1,1,Utah Genome Center,Annotation submitted by Utah Genome Center,01/31/14,2169,2065,104,11115105;11210495;10430560,96,97.54
GCA_008245085.1,PRJNA382684,SAMN06711904,na,representative genome,186497,2261,Pyrococcus furiosus DSM 3638,strain=DSM 3638,na,latest,Complete Genome,Major,Full,03/09/2019,ASM824508v1,University Regensburg,GCF_008245085.1,identical,https://ftp.ncbi.nlm.nih.gov/genomes/all/GCA/008/245/085/GCA_008245085.1_ASM824508v1,na,assembly from type material,na,haploid,archaea,1889914,1889914,40.5,1,1,1,NCBI,NCBI Prokaryotic Genome Annotation Pipeline,08/31/17,2103,1982,68,na,96,98.31
GCA_000275605.1,PRJNA163827,SAMN02603219,na,na,1185654,2261,Pyrococcus furiosus COM1,strain=COM1,na,latest,Complete Genome,Major,Full,29/06/2012,ASM27560v1,ENIGMA- Ecosystems and Networks Integrated with Genes and Molecular Assemblies,GCF_000275605.1,identical,https://ftp.ncbi.nlm.nih.gov/genomes/all/GCA/000/275/605/GCA_000275605.1_ASM27560v1,na,na,na,haploid,archaea,1909827,1909827,40.5,1,1,1,ENIGMA- Ecosystems and Networks Integrated with Genes and Molecular Assemblies,Annotation submitted by ENIGMA- Ecosystems and Networks Integrated with Genes and Molecular Assemblies,01/30/14,2113,2064,49,22636780,96,98.04
GCA_000011105.1,PRJNA207,SAMD00061090,na,representative genome,70601,53953,Pyrococcus horikoshii OT3,strain=OT3,na,latest,Complete Genome,Major,Full,11/05/2004,ASM1110v1,NITE,GCF_000011105.1,identical,https://ftp.ncbi.nlm.nih.gov/genomes/all/GCA/000/011/105/GCA_000011105.1_ASM1110v1,na,assembly from type material,na,haploid,archaea,1738505,1738505,41.5,1,1,1,NITE,Annotation submitted by NITE,05/09/2017,2118,2061,49,9679194,95,91.03
GCA_001577775.1,PRJNA274214,SAMN03323778,na,representative genome,1609559,1609559,Pyrococcus kukulkanii,strain=NCB100,na,latest,Complete Genome,Major,Full,29/02/2016,ASM157777v1,Ecole Normale Superieure de Lyon,GCF_001577775.1,identical,https://ftp.ncbi.nlm.nih.gov/genomes/all/GCA/001/577/775/GCA_001577775.1_ASM157777v1,na,assembly from type material,na,haploid,archaea,1977126,1977126,44.5,1,1,1,NCBI,NCBI Prokaryotic Genome Annotation Pipeline,02/05/2015,2186,1997,61,27189596,100,100.25
GCA_001412615.1,PRJNA268702,SAMN03223811,na,representative genome,1273541,1273541,Pyrodictium delaneyi,strain=Su06,na,latest,Complete Genome,Major,Full,26/10/2015,ASM141261v1,Kyung Hee University,GCF_001412615.1,identical,https://ftp.ncbi.nlm.nih.gov/genomes/all/GCA/001/412/615/GCA_001412615.1_ASM141261v1,na,assembly from type material,na,haploid,archaea,2023836,2023836,53.5,1,1,1,Kyung Hee University,Annotation submitted by Kyung Hee University,10/26/15,2093,2036,50,na,90,103.11
GCA_000223395.1,PRJNA48579,SAMN02232047,na,representative genome,694429,54252,Pyrolobus fumarii 1A,strain=1A,na,latest,Complete Genome,Major,Full,12/08/2011,ASM22339v1,DOE Joint Genome Institute,GCF_000223395.1,identical,https://ftp.ncbi.nlm.nih.gov/genomes/all/GCA/000/223/395/GCA_000223395.1_ASM22339v1,na,assembly from type material,na,haploid,archaea,1843267,1843267,54.5,1,1,1,DOE Joint Genome Institute,Annotation submitted by DOE Joint Genome Institute,07/17/13,2038,1967,52,21886865,103,113.64
GCA_000092465.1,PRJNA33683,SAMN00002730,na,representative genome,591019,84599,Staphylothermus hellenicus DSM 12710,strain=DSM 12710,na,latest,Complete Genome,Major,Full,01/06/2010,ASM9246v1,US DOE Joint Genome Institute (JGI-PGF),GCF_000092465.1,identical,https://ftp.ncbi.nlm.nih.gov/genomes/all/GCA/000/092/465/GCA_000092465.1_ASM9246v1,na,assembly from type material,na,haploid,archaea,1580347,1580347,36.5,1,1,1,US DOE Joint Genome Institute (JGI-PGF),Annotation submitted by US DOE Joint Genome Institute (JGI-PGF),12/11/2013,1716,1599,48,22180806,85,99.27
GCA_000015945.1,PRJNA17449,SAMN02598390,na,representative genome,399550,2280,Staphylothermus marinus F1,strain=F1,na,latest,Complete Genome,Major,Full,21/02/2007,ASM1594v1,US DOE Joint Genome Institute,GCF_000015945.1,identical,https://ftp.ncbi.nlm.nih.gov/genomes/all/GCA/000/015/945/GCA_000015945.1_ASM1594v1,na,assembly from type material,na,haploid,archaea,1570485,1570485,35.5,1,1,1,US DOE Joint Genome Institute,Annotation submitted by US DOE Joint Genome Institute,01/28/14,1646,1570,36,21304655,88,101.19
GCA_009729035.1,PRJNA488459,SAMN09933091,na,representative genome,41675,41675,Stygiolobus azoricus,strain=FC6,na,latest,Complete Genome,Major,Full,04/12/2019,ASM972903v1,North Carolina State University,GCF_009729035.1,identical,https://ftp.ncbi.nlm.nih.gov/genomes/all/GCA/009/729/035/GCA_009729035.1_ASM972903v1,na,assembly from type material,na,haploid,archaea,1987069,1987069,37.5,1,1,1,NCBI,NCBI Prokaryotic Genome Annotation Pipeline (PGAP),10/22/19,2177,2042,51,na,80,80.27
GCA_000012285.1,PRJNA13935,SAMN02603173,na,na,330779,2285,Sulfolobus acidocaldarius DSM 639,strain=DSM 639,na,latest,Complete Genome,Major,Full,05/07/2005,ASM1228v1,Danish Archaea Centre,GCF_000012285.1,identical,https://ftp.ncbi.nlm.nih.gov/genomes/all/GCA/000/012/285/GCA_000012285.1_ASM1228v1,na,assembly from type material,na,haploid,archaea,2225959,2225959,36.5,1,1,1,Danish Archaea Centre,Annotation submitted by Danish Archaea Centre,01/30/14,2329,2223,81,15995215,71,78.61
GCA_028472365.1,PRJNA594306,SAMN13512241,na,na,330779,2285,Sulfolobus acidocaldarius DSM 639,strain=DSM 639,na,latest,Complete Genome,Major,Full,06/02/2023,ASM2847236v1,Wuhan Unverisity,GCF_028472365.1,identical,https://ftp.ncbi.nlm.nih.gov/genomes/all/GCA/028/472/365/GCA_028472365.1_ASM2847236v1,na,assembly from type material,na,haploid,archaea,2225130,2225130,36.5,1,1,1,NCBI,NCBI Prokaryotic Genome Annotation Pipeline (PGAP),12/10/2019,2347,2257,51,na,71,78.79
GCA_000340315.1,PRJNA66533,SAMN02604152,na,na,1028566,2285,Sulfolobus acidocaldarius N8,strain=N8,na,latest,Complete Genome,Major,Full,08/02/2013,ASM34031v1,University of Cincinnati,GCF_000340315.1,identical,https://ftp.ncbi.nlm.nih.gov/genomes/all/GCA/000/340/315/GCA_000340315.1_ASM34031v1,na,na,na,haploid,archaea,2176362,2176362,36.5,1,1,1,University of Cincinnati,Annotation submitted by University of Cincinnati,01/31/14,2308,2275,33,22418622,71,79.12
GCA_000338775.1,PRJNA66535,SAMN02604153,na,na,1028567,2285,Sulfolobus acidocaldarius Ron12/I,strain=Ron12/I,na,latest,Complete Genome,Major,Full,08/02/2013,ASM33877v1,University of Cincinnati,GCF_000338775.1,identical,https://ftp.ncbi.nlm.nih.gov/genomes/all/GCA/000/338/775/GCA_000338775.1_ASM33877v1,na,na,na,haploid,archaea,2223983,2223983,36.5,1,1,1,University of Cincinnati,Annotation submitted by University of Cincinnati,01/31/14,2350,2317,33,22418622,71,78.68
GCA_000508305.1,PRJNA231215,SAMN03081514,na,na,1435377,2285,Sulfolobus acidocaldarius SUSAZ,strain=SUSAZ,na,latest,Complete Genome,Major,Full,16/12/2013,ASM50830v1,Center for Genomic Sciences,GCF_000508305.1,identical,https://ftp.ncbi.nlm.nih.gov/genomes/all/GCA/000/508/305/GCA_000508305.1_ASM50830v1,genome length too small,na,na,haploid,archaea,2061920,2061920,36,1,1,1,NCBI,NCBI Prokaryotic Genome Annotation Pipeline,12/12/2013,2228,2146,50,na,71,77.62
GCA_019175305.1,PRJNA716249,SAMN18406479,na,na,2286,2286,Saccharolobus shibatae,strain=S38A,na,latest,Complete Genome,Major,Full,08/07/2021,ASM1917530v1,Skolkovo Institute of Science and Technology,GCF_019175305.1,identical,https://ftp.ncbi.nlm.nih.gov/genomes/all/GCA/019/175/305/GCA_019175305.1_ASM1917530v1,na,na,na,haploid,archaea,2791785,2791785,35.5,1,1,1,Skolkovo Institute of Science and Technology,Annotation submitted by Skolkovo Institute of Science and Technology,07/08/2021,3178,3132,46,34190379,73,83.2
GCA_019175325.1,PRJNA716248,SAMN18407733,na,na,2286,2286,Saccharolobus shibatae,strain=BEU9,na,latest,Complete Genome,Major,Full,08/07/2021,ASM1917532v1,Skolkovo Institute of Science and Technology,GCF_019175325.1,identical,https://ftp.ncbi.nlm.nih.gov/genomes/all/GCA/019/175/325/GCA_019175325.1_ASM1917532v1,na,na,na,haploid,archaea,2778607,2778607,35.5,2,2,2,Skolkovo Institute of Science and Technology,Annotation submitted by Skolkovo Institute of Science and Technology,07/08/2021,3206,3159,47,34190379,73,83.77
GCA_019175345.1,PRJNA716250,SAMN18432893,na,representative genome,523848,2286,Saccharolobus shibatae B12,strain=B12,na,latest,Complete Genome,Major,Full,08/07/2021,ASM1917534v1,Skolkovo Institute of Science and Technology,GCF_019175345.1,identical,https://ftp.ncbi.nlm.nih.gov/genomes/all/GCA/019/175/345/GCA_019175345.1_ASM1917534v1,na,assembly from type material,na,haploid,archaea,2916875,2916875,35,2,2,2,Skolkovo Institute of Science and Technology,Annotation submitted by Skolkovo Institute of Science and Technology,07/08/2021,3268,3221,47,34190379,73,81.54
GCA_900079115.1,PRJEB13308,SAMEA3920617,na,na,2287,2287,Saccharolobus solfataricus,strain=P1,na,latest,Complete Genome,Major,Full,11/04/2016,SSOP1,Institute of Biology,GCF_900079115.1,identical,https://ftp.ncbi.nlm.nih.gov/genomes/all/GCA/900/079/115/GCA_900079115.1_SSOP1,na,assembly from type material,na,haploid,archaea,3034024,3034024,35.5,1,1,1,Institute of Biology,Annotation submitted by Institute of Biology,04/11/2016,3402,3328,64,na,74,84.23
GCA_000968395.2,PRJNA277733,SAMN03395044,na,na,2287,2287,Saccharolobus solfataricus,strain=SARC-C,na,latest,Complete Genome,Major,Full,25/10/2018,ASM96839v2,University of Nebraska-Lincoln,GCF_000968395.2,identical,https://ftp.ncbi.nlm.nih.gov/genomes/all/GCA/000/968/395/GCA_000968395.2_ASM96839v2,na,na,na,haploid,archaea,2727312,2727312,35.5,1,1,1,NCBI,NCBI Prokaryotic Genome Annotation Pipeline,10/23/18,3028,2651,50,26021927,74,84
GCA_000968355.2,PRJNA279939,SAMN03452281,na,na,2287,2287,Saccharolobus solfataricus,strain=SARC-B,na,latest,Complete Genome,Major,Full,25/10/2018,ASM96835v2,University of Nebraska-Lincoln,GCF_000968355.2,identical,https://ftp.ncbi.nlm.nih.gov/genomes/all/GCA/000/968/355/GCA_000968355.2_ASM96835v2,na,na,na,haploid,archaea,2727312,2727312,35.5,1,1,1,NCBI,NCBI Prokaryotic Genome Annotation Pipeline,10/23/18,3028,2652,50,26021927,74,84
GCA_000968435.2,PRJNA279935,SAMN03452280,na,na,2287,2287,Saccharolobus solfataricus,strain=SULA,98/2,latest,Complete Genome,Major,Full,31/10/2018,ASM96843v2,University of Nebraska-Lincoln,GCF_000968435.2,identical,https://ftp.ncbi.nlm.nih.gov/genomes/all/GCA/000/968/435/GCA_000968435.2_ASM96843v2,na,na,na,haploid,archaea,2727312,2727312,35.5,1,1,1,NCBI,NCBI Prokaryotic Genome Annotation Pipeline,10/30/18,3028,2652,50,26021927,74,84
GCA_003852175.1,PRJNA347855,SAMN05896747,na,na,2287,2287,Saccharolobus solfataricus,strain=SARC-N,na,latest,Complete Genome,Major,Full,29/11/2018,ASM385217v1,University of Nebraska-Lincoln,GCF_003852175.1,identical,https://ftp.ncbi.nlm.nih.gov/genomes/all/GCA/003/852/175/GCA_003852175.1_ASM385217v1,na,na,na,haploid,archaea,2658139,2658139,35.5,1,1,1,NCBI,NCBI Prokaryotic Genome Annotation Pipeline,10/24/18,2970,2606,50,30425171,74,84.04
GCA_003852195.1,PRJNA347851,SAMN05896744,na,na,2287,2287,Saccharolobus solfataricus,strain=SARC-H,na,latest,Complete Genome,Major,Full,29/11/2018,ASM385219v1,University of Nebraska-Lincoln,GCF_003852195.1,identical,https://ftp.ncbi.nlm.nih.gov/genomes/all/GCA/003/852/195/GCA_003852195.1_ASM385219v1,na,na,na,haploid,archaea,2668974,2668974,35.5,1,1,1,NCBI,NCBI Prokaryotic Genome Annotation Pipeline,10/22/18,2986,2620,50,30425171,74,84.09
GCA_003852095.1,PRJNA347857,SAMN05896748,na,na,2287,2287,Saccharolobus solfataricus,strain=SARC-O,na,latest,Complete Genome,Major,Full,29/11/2018,ASM385209v1,University of Nebraska-Lincoln,GCF_003852095.1,identical,https://ftp.ncbi.nlm.nih.gov/genomes/all/GCA/003/852/095/GCA_003852095.1_ASM385209v1,na,na,na,haploid,archaea,2659140,2659140,35.5,1,1,1,NCBI,NCBI Prokaryotic Genome Annotation Pipeline,10/22/18,2974,2608,50,30425171,74,84.04
GCA_003852115.1,PRJNA352873,SAMN06006254,na,na,2287,2287,Saccharolobus solfataricus,strain=SUL120,na,latest,Complete Genome,Major,Full,29/11/2018,ASM385211v1,University of Nebraska-Lincoln,GCF_003852115.1,identical,https://ftp.ncbi.nlm.nih.gov/genomes/all/GCA/003/852/115/GCA_003852115.1_ASM385211v1,na,na,na,haploid,archaea,2707507,2707507,35.5,1,1,1,NCBI,NCBI Prokaryotic Genome Annotation Pipeline,10/22/18,2987,2607,49,30425171,74,83.64
GCA_003852215.1,PRJNA347852,SAMN05896745,na,na,2287,2287,Saccharolobus solfataricus,strain=SARC-I,na,latest,Complete Genome,Major,Full,29/11/2018,ASM385221v1,University of Nebraska-Lincoln,GCF_003852215.1,identical,https://ftp.ncbi.nlm.nih.gov/genomes/all/GCA/003/852/215/GCA_003852215.1_ASM385221v1,na,na,na,haploid,archaea,2668974,2668974,35.5,1,1,1,NCBI,NCBI Prokaryotic Genome Annotation Pipeline,10/22/18,2986,2620,50,30425171,74,84.09
GCA_003852135.1,PRJNA347847,SAMN05896255,na,na,2287,2287,Saccharolobus solfataricus,strain=SULG,na,latest,Complete Genome,Major,Full,29/11/2018,ASM385213v1,University of Nebraska-Lincoln,GCF_003852135.1,identical,https://ftp.ncbi.nlm.nih.gov/genomes/all/GCA/003/852/135/GCA_003852135.1_ASM385213v1,na,na,na,haploid,archaea,2668974,2668974,35.5,1,1,1,NCBI,NCBI Prokaryotic Genome Annotation Pipeline,10/24/18,2986,2620,50,30425171,74,84.09
GCA_003852155.1,PRJNA347854,SAMN05896746,na,representative genome,2287,2287,Saccharolobus solfataricus,strain=SULM,na,latest,Complete Genome,Major,Full,29/11/2018,ASM385215v1,University of Nebraska-Lincoln,GCF_003852155.1,identical,https://ftp.ncbi.nlm.nih.gov/genomes/all/GCA/003/852/155/GCA_003852155.1_ASM385215v1,na,na,na,haploid,archaea,2658139,2658139,35.5,1,1,1,NCBI,NCBI Prokaryotic Genome Annotation Pipeline,10/24/18,2972,2608,50,30425171,74,84.05
GCA_015654385.1,PRJNA616127,SAMN14482681,na,na,2287,2287,Saccharolobus solfataricus,strain=POZ149,na,latest,Complete Genome,Major,Full,23/11/2020,ASM1565438v1,Institut Pasteur,GCF_015654385.1,identical,https://ftp.ncbi.nlm.nih.gov/genomes/all/GCA/015/654/385/GCA_015654385.1_ASM1565438v1,na,na,na,haploid,archaea,3024820,3024820,35.5,1,1,1,NCBI,NCBI Prokaryotic Genome Annotation Pipeline (PGAP),04/03/2020,3287,2772,52,32647180,74,83.44
GCA_000007005.1,PRJNA108,SAMN02603227,na,na,273057,2287,Saccharolobus solfataricus P2,strain=P2,na,latest,Complete Genome,Major,Full,25/11/2002,ASM700v1,European/Canadian Consortium,GCF_000007005.1,identical,https://ftp.ncbi.nlm.nih.gov/genomes/all/GCA/000/007/005/GCA_000007005.1_ASM700v1,na,na,na,haploid,archaea,2992245,2992245,35.5,1,1,1,European/Canadian Consortium,Annotation submitted by European/Canadian Consortium,08/22/17,3050,2994,56,na,74,83.68
GCA_000011205.1,PRJNA246,SAMD00061096,na,representative genome,273063,111955,Sulfurisphaera tokodaii str. 7,strain=7,na,latest,Complete Genome,Major,Full,11/05/2004,ASM1120v1,NITE,GCF_000011205.1,identical,https://ftp.ncbi.nlm.nih.gov/genomes/all/GCA/000/011/205/GCA_000011205.1_ASM1120v1,na,assembly from type material,na,haploid,archaea,2694756,2694756,32.5,1,1,1,NITE,Annotation submitted by NITE,10/07/2016,2865,2816,49,11572479,75,84.05
GCA_009729055.1,PRJNA488459,SAMN09933092,na,representative genome,69656,69656,Sulfurisphaera ohwakuensis,strain=TA-1,na,latest,Complete Genome,Major,Full,04/12/2019,ASM972905v1,North Carolina State University,GCF_009729055.1,identical,https://ftp.ncbi.nlm.nih.gov/genomes/all/GCA/009/729/055/GCA_009729055.1_ASM972905v1,na,assembly from type material,na,haploid,archaea,2803915,2803915,32.5,1,1,1,NCBI,NCBI Prokaryotic Genome Annotation Pipeline (PGAP),10/22/19,3016,2771,51,na,75,82.89
GCA_001433455.1,PRJNA274261,SAMN03324231,na,na,55802,55802,Thermococcus barophilus,strain=CH5,na,latest,Complete Genome,Major,Full,05/11/2015,ASM143345v1,Ecole Normale Superieure de Lyon,GCF_001433455.1,identical,https://ftp.ncbi.nlm.nih.gov/genomes/all/GCA/001/433/455/GCA_001433455.1_ASM143345v1,na,na,na,haploid,archaea,2388527,2388527,41.5,1,1,1,Ecole Normale Superieure de Lyon,Annotation submitted by Ecole Normale Superieure de Lyon,03/22/16,2686,2634,50,26769929,85,89
GCA_000151105.2,PRJNA19379,SAMN02603625,na,representative genome,391623,55802,Thermococcus barophilus MP,strain=MP,na,latest,Complete Genome,Major,Full,17/12/2010,ASM15110v2,Moore Foundation,GCF_000151105.2,identical,https://ftp.ncbi.nlm.nih.gov/genomes/all/GCA/000/151/105/GCA_000151105.2_ASM15110v2,na,assembly from type material,na,haploid,archaea,2064237,2064237,41.5,2,2,2,Moore Foundation,Annotation submitted by Moore Foundation,07/25/16,2315,2265,50,21217005,85,90.24
GCA_002214465.1,PRJNA274230,SAMN03324153,na,representative genome,54077,54077,Thermococcus barossii,strain=SHCK-94,na,latest,Complete Genome,Major,Full,05/07/2017,ASM221446v1,Ecole Normale Superieure de Lyon,GCF_002214465.1,identical,https://ftp.ncbi.nlm.nih.gov/genomes/all/GCA/002/214/465/GCA_002214465.1_ASM221446v1,na,assembly from type material,na,haploid,archaea,1922421,1922421,54.5,1,1,1,NCBI,NCBI Prokaryotic Genome Annotation Pipeline,04/05/2016,2067,1997,52,na,80,95.07
GCA_002214365.1,PRJNA274230,SAMN03324154,na,representative genome,1293037,2264,Thermococcus celer Vu 13 = JCM 8558,strain=Vu 13,na,latest,Complete Genome,Major,Full,05/07/2017,ASM221436v1,Ecole Normale Superieure de Lyon,GCF_002214365.1,identical,https://ftp.ncbi.nlm.nih.gov/genomes/all/GCA/002/214/365/GCA_002214365.1_ASM221436v1,na,assembly from type material,na,haploid,archaea,1866819,1866819,56,1,1,1,NCBI,NCBI Prokaryotic Genome Annotation Pipeline,03/23/16,2007,1905,52,na,87,96.68
GCA_900012635.1,PRJEB12305,SAMEA3721282,na,representative genome,54262,54262,Thermococcus chitonophagus,na,1,latest,Complete Genome,Major,Full,15/04/2016,Pyrococcus chitonophagus genome sequence,University of Athens,GCF_900012635.1,identical,https://ftp.ncbi.nlm.nih.gov/genomes/all/GCA/900/012/635/GCA_900012635.1_Pyrococcus_chitonophagus_genome_sequence,na,na,na,haploid,archaea,1969648,1969648,44.5,1,1,1,University of Athens,Annotation submitted by University of Athens,04/15/16,2205,2113,52,na,85,98.33
GCA_002214605.1,PRJNA274230,SAMN03324156,na,na,54262,54262,Thermococcus chitonophagus,strain=GC74,na,latest,Complete Genome,Major,Full,05/07/2017,ASM221460v1,Ecole Normale Superieure de Lyon,GCF_002214605.1,identical,https://ftp.ncbi.nlm.nih.gov/genomes/all/GCA/002/214/605/GCA_002214605.1_ASM221460v1,na,assembly from type material,na,haploid,archaea,1961979,1961979,44.5,1,1,1,NCBI,NCBI Prokaryotic Genome Annotation Pipeline,04/11/2016,2165,2061,54,na,85,98.84
GCA_000265525.1,PRJNA167371,SAMN02603492,na,representative genome,163003,163003,Thermococcus cleftensis,strain=CL1,na,latest,Complete Genome,Major,Full,11/06/2012,ASM26552v1,Kyung Hee University,GCF_000265525.1,identical,https://ftp.ncbi.nlm.nih.gov/genomes/all/GCA/000/265/525/GCA_000265525.1_ASM26552v1,na,assembly from type material,na,haploid,archaea,1950313,1950313,55.5,1,1,1,Kyung Hee University,Annotation submitted by Kyung Hee University,10/19/15,2090,2017,50,22887670,80,97.11
GCA_000022365.1,PRJNA33671,SAMN02603333,na,representative genome,593117,187878,Thermococcus gammatolerans EJ3,strain=EJ3; DSM 15229,na,latest,Complete Genome,Major,Full,12/06/2009,ASM2236v1,"IGM/ Universit Paris-Sud, France",GCF_000022365.1,identical,https://ftp.ncbi.nlm.nih.gov/genomes/all/GCA/000/022/365/GCA_000022365.1_ASM2236v1,na,assembly from type material,na,haploid,archaea,2045438,2045438,53.5,1,1,1,"IGM/ Universit Paris-Sud, France","Annotation submitted by IGM/ Universit Paris-Sud, France",06/25/15,2211,2157,54,19558674,88,94.51
GCA_002214385.1,PRJNA274230,SAMN03324159,na,representative genome,71997,71997,Thermococcus gorgonarius,strain=W-12,na,latest,Complete Genome,Major,Full,05/07/2017,ASM221438v1,Ecole Normale Superieure de Lyon,GCF_002214385.1,identical,https://ftp.ncbi.nlm.nih.gov/genomes/all/GCA/002/214/385/GCA_002214385.1_ASM221438v1,na,assembly from type material,na,haploid,archaea,1674122,1674122,51.5,1,1,1,NCBI,NCBI Prokaryotic Genome Annotation Pipeline,03/22/16,1865,1781,52,na,85,93.44
GCA_000816105.1,PRJNA230529,SAMN02429659,na,representative genome,1432656,110164,Thermococcus guaymasensis DSM 11113,strain=DSM 11113,na,latest,Complete Genome,Major,Full,07/01/2015,ASM81610v1,University of Waterloo,GCF_000816105.1,identical,https://ftp.ncbi.nlm.nih.gov/genomes/all/GCA/000/816/105/GCA_000816105.1_ASM81610v1,na,assembly from type material,na,haploid,archaea,1920914,1920914,52.5,1,1,1,NCBI,NCBI Prokaryotic Genome Annotation Pipeline,01/17/14,2170,2092,51,na,88,93.26
GCA_000009965.1,PRJNA13213,SAMD00061071,na,representative genome,69014,311400,Thermococcus kodakarensis KOD1,strain=KOD1,na,latest,Complete Genome,Major,Full,05/01/2005,ASM996v1,"Kyoto University, Japan",GCF_000009965.1,identical,https://ftp.ncbi.nlm.nih.gov/genomes/all/GCA/000/009/965/GCA_000009965.1_ASM996v1,na,assembly from type material,na,haploid,archaea,2088737,2088737,51.5,1,1,1,"Kyoto University, Japan","Annotation submitted by Kyoto University, Japan",09/29/18,2306,2306,0,15710748,60,91.48
GCA_028471865.1,PRJNA928457,SAMN32933864,na,na,311400,311400,Thermococcus kodakarensis,strain=TS901,na,latest,Complete Genome,Major,Full,06/02/2023,ASM2847186v1,Colorado State University,GCF_028471865.1,identical,https://ftp.ncbi.nlm.nih.gov/genomes/all/GCA/028/471/865/GCA_028471865.1_ASM2847186v1,na,na,na,haploid,archaea,2078475,2078475,51.5,1,1,1,NCBI,NCBI Prokaryotic Genome Annotation Pipeline (PGAP),01/31/23,2351,2282,53,na,60,91.77
GCA_028471785.1,PRJNA928455,SAMN32933801,na,na,311400,311400,Thermococcus kodakarensis,strain=TS900,na,latest,Complete Genome,Major,Full,06/02/2023,ASM2847178v1,Colorado State University,GCF_028471785.1,identical,https://ftp.ncbi.nlm.nih.gov/genomes/all/GCA/028/471/785/GCA_028471785.1_ASM2847178v1,na,na,na,haploid,archaea,2085702,2085702,51.5,1,1,1,NCBI,NCBI Prokaryotic Genome Annotation Pipeline (PGAP),01/31/23,2355,2286,53,na,60,91.9
GCA_000246985.3,PRJNA81925,SAMN02603679,na,representative genome,523849,2265,Thermococcus litoralis DSM 5473,strain=DSM 5473,na,latest,Complete Genome,Major,Full,13/08/2013,ASM24698v3,"New England Biolabs, Inc.",GCF_000246985.2,identical,https://ftp.ncbi.nlm.nih.gov/genomes/all/GCA/000/246/985/GCA_000246985.3_ASM24698v3,na,assembly from type material,na,haploid,archaea,2215172,2215172,43,1,1,1,NCBI,NCBI Prokaryotic Genome Annotation Pipeline,08/09/2013,2575,2516,49,22493191,85,90.31
GCA_002214485.1,PRJNA274230,SAMN03324161,na,representative genome,71998,71998,Thermococcus pacificus,strain=P-4,na,latest,Complete Genome,Major,Full,05/07/2017,ASM221448v1,Ecole Normale Superieure de Lyon,GCF_002214485.1,identical,https://ftp.ncbi.nlm.nih.gov/genomes/all/GCA/002/214/485/GCA_002214485.1_ASM221448v1,na,assembly from type material,na,haploid,archaea,1785673,1785673,54,1,1,1,NCBI,NCBI Prokaryotic Genome Annotation Pipeline,04/05/2016,1965,1872,52,na,85,92.39
GCA_000517445.1,PRJNA230233,SAMN03081513,na,representative genome,582419,582419,Thermococcus paralvinellae,strain=ES1,na,latest,Complete Genome,Major,Full,10/01/2014,ASM51744v1,Kyung Hee University,GCF_000517445.1,identical,https://ftp.ncbi.nlm.nih.gov/genomes/all/GCA/000/517/445/GCA_000517445.1_ASM51744v1,na,assembly from type material,na,haploid,archaea,1957742,1957742,40,1,1,1,Kyung Hee University,Annotation submitted by Kyung Hee University,09/19/17,2090,2016,50,25082851,80,89.66
GCA_001592435.1,PRJNA274230,SAMN03324162,na,representative genome,53952,53952,Thermococcus peptonophilus,strain=OG-1,na,latest,Complete Genome,Major,Full,15/03/2016,ASM159243v1,Ecole Normale Superieure de Lyon,GCF_001592435.1,identical,https://ftp.ncbi.nlm.nih.gov/genomes/all/GCA/001/592/435/GCA_001592435.1_ASM159243v1,na,assembly from type material,na,haploid,archaea,1896106,1896106,51.5,2,2,2,NCBI,NCBI Prokaryotic Genome Annotation Pipeline,03/11/2016,2067,1967,52,na,85,91.97
GCA_002214585.1,PRJNA274230,SAMN03324163,na,representative genome,49899,49899,Thermococcus profundus,strain=DT 5432,na,latest,Complete Genome,Major,Full,05/07/2017,ASM221458v1,Ecole Normale Superieure de Lyon,GCF_002214585.1,identical,https://ftp.ncbi.nlm.nih.gov/genomes/all/GCA/002/214/585/GCA_002214585.1_ASM221458v1,na,assembly from type material,na,haploid,archaea,2043143,2043143,53,2,2,2,NCBI,NCBI Prokaryotic Genome Annotation Pipeline,03/24/16,2151,2076,52,na,80,88.04
GCA_002214565.1,PRJNA274230,SAMN03324164,na,representative genome,187880,187880,Thermococcus radiotolerans,strain=EJ2,na,latest,Complete Genome,Major,Full,05/07/2017,ASM221456v1,Ecole Normale Superieure de Lyon,GCF_002214565.1,identical,https://ftp.ncbi.nlm.nih.gov/genomes/all/GCA/002/214/565/GCA_002214565.1_ASM221456v1,na,assembly from type material,na,haploid,archaea,1868990,1868990,55.5,1,1,1,NCBI,NCBI Prokaryotic Genome Annotation Pipeline,04/05/2016,2048,1986,52,na,88,93.66
GCA_000022545.1,PRJNA34531,SAMN02603090,na,representative genome,604354,172049,Thermococcus sibiricus MM 739,strain=MM 739,na,latest,Complete Genome,Major,Full,29/06/2009,ASM2254v1,Centre,GCF_000022545.1,identical,https://ftp.ncbi.nlm.nih.gov/genomes/all/GCA/000/022/545/GCA_000022545.1_ASM2254v1,na,assembly from type material,na,haploid,archaea,1845800,1845800,40,1,1,1,Centre,Annotation submitted by Centre,01/30/14,2108,2036,50,19447963,81,86.78
GCA_002214505.1,PRJNA274230,SAMN03324165,na,representative genome,72803,72803,Thermococcus siculi,strain=RG-20,na,latest,Complete Genome,Major,Full,05/07/2017,ASM221450v1,Ecole Normale Superieure de Lyon,GCF_002214505.1,identical,https://ftp.ncbi.nlm.nih.gov/genomes/all/GCA/002/214/505/GCA_002214505.1_ASM221450v1,na,assembly from type material,na,haploid,archaea,2029167,2029167,54.5,1,1,1,NCBI,NCBI Prokaryotic Genome Annotation Pipeline,04/05/2016,2167,2097,51,na,83,92.52
GCA_002214545.1,PRJNA274230,SAMN03324168,na,na,277988,277988,Thermococcus thioreducens,strain=OGL-20P,na,latest,Complete Genome,Major,Full,05/07/2017,ASM221454v1,Ecole Normale Superieure de Lyon,GCF_002214545.1,identical,https://ftp.ncbi.nlm.nih.gov/genomes/all/GCA/002/214/545/GCA_002214545.1_ASM221454v1,na,assembly from type material,na,haploid,archaea,2065932,2065932,53,1,1,1,NCBI,NCBI Prokaryotic Genome Annotation Pipeline,04/05/2016,2311,2222,52,na,85,93.59
GCA_000015225.1,PRJNA16331,SAMN02598366,na,representative genome,368408,2269,Thermofilum pendens Hrk 5,strain=Hrk 5,na,latest,Complete Genome,Major,Full,18/12/2006,ASM1522v1,DOE Joint Genome Institute,GCF_000015225.1,identical,https://ftp.ncbi.nlm.nih.gov/genomes/all/GCA/000/015/225/GCA_000015225.1_ASM1522v1,na,assembly from type material,na,haploid,archaea,1813393,1813393,57.5,2,2,2,DOE Joint Genome Institute,Annotation submitted by DOE Joint Genome Institute,01/28/14,1931,1876,32,na,88,101.66
GCA_000195915.1,PRJNA110,SAMEA3138325,na,representative genome,273075,2303,Thermoplasma acidophilum DSM 1728,strain=DSM1728,na,latest,Complete Genome,Major,Full,06/05/2003,ASM19591v1,Max-Plank-Institute,GCF_000195915.1,identical,https://ftp.ncbi.nlm.nih.gov/genomes/all/GCA/000/195/915/GCA_000195915.1_ASM19591v1,na,assembly from type material,na,haploid,archaea,1564906,1564906,45.5,1,1,5,Max-Plank-Institute,Annotation submitted by Max-Plank-Institute,03/04/2015,1478,1478,0,11029001,57,54.02
GCA_000011185.1,PRJNA206,SAMD00061089,na,representative genome,273116,50339,Thermoplasma volcanium GSS1,strain=GSS1,na,latest,Complete Genome,Major,Full,11/05/2004,ASM1118v1,"National Institute of Advanced Industrial Science and Technology, Japan",GCF_000011185.1,identical,https://ftp.ncbi.nlm.nih.gov/genomes/all/GCA/000/011/185/GCA_000011185.1_ASM1118v1,na,assembly from type material,na,haploid,archaea,1584804,1584804,39.5,1,1,1,"National Institute of Advanced Industrial Science and Technology, Japan","Annotation submitted by National Institute of Advanced Industrial Science and Technology, Japan",10/08/2016,1526,1526,0,11121031,60,55.36
GCA_000253055.1,PRJEA49419,SAMEA2272453,na,representative genome,768679,2271,Thermoproteus tenax Kra 1,strain=Kra 1,na,latest,Complete Genome,Major,Full,06/10/2011,ASM25305v1,"University of Duisburg-Essen, Faculty of Chemistry, Molecular Enzyme Technology and Biochemistry",GCF_000253055.1,identical,https://ftp.ncbi.nlm.nih.gov/genomes/all/GCA/000/253/055/GCA_000253055.1_ASM25305v1,na,assembly from type material,na,haploid,archaea,1841542,1841542,55,1,1,1,"University of Duisburg-Essen, Faculty of Chemistry, Molecular Enzyme Technology and Biochemistry","Annotation submitted by University of Duisburg-Essen, Faculty of Chemistry, Molecular Enzyme Technology and Biochemistry",03/01/2015,2101,2049,49,22003381,87,89.33
GCA_000193375.1,PRJNA64455,SAMN02603093,na,representative genome,999630,184117,Thermoproteus uzoniensis 768-20,strain=768-20,na,latest,Complete Genome,Major,Full,28/03/2011,ASM19337v1,Centre Bioengineering RAS,GCF_000193375.1,identical,https://ftp.ncbi.nlm.nih.gov/genomes/all/GCA/000/193/375/GCA_000193375.1_ASM19337v1,na,na,na,haploid,archaea,1936063,1936063,59.5,1,1,1,Centre Bioengineering RAS,Annotation submitted by Centre Bioengineering RAS,01/30/14,2229,2186,38,21478349,85,87.73
GCA_014962245.1,PRJNA668939,SAMN16428067,na,na,54254,54254,Thermosphaera aggregans,strain=3507,na,latest,Complete Genome,Major,Full,27/10/2020,ASM1496224v1,"National Research Center ""Kurchatov Institute""",GCF_014962245.1,identical,https://ftp.ncbi.nlm.nih.gov/genomes/all/GCA/014/962/245/GCA_014962245.1_ASM1496224v1,na,na,na,haploid,archaea,1305106,1305106,47.5,1,1,1,NCBI,NCBI Prokaryotic Genome Annotation Pipeline (PGAP),10/21/20,1458,1399,50,na,85,92.4
GCA_000092185.1,PRJNA36571,SAMN02598509,na,representative genome,633148,54254,Thermosphaera aggregans DSM 11486,strain=DSM 11486,na,latest,Complete Genome,Major,Full,17/05/2010,ASM9218v1,US DOE Joint Genome Institute (JGI-PGF),GCF_000092185.1,identical,https://ftp.ncbi.nlm.nih.gov/genomes/all/GCA/000/092/185/GCA_000092185.1_ASM9218v1,na,assembly from type material,na,haploid,archaea,1316595,1316595,46.5,1,1,1,US DOE Joint Genome Institute (JGI-PGF),Annotation submitted by US DOE Joint Genome Institute (JGI-PGF),01/28/14,1457,1387,47,21304709,85,94
GCA_000148385.1,PRJNA32589,SAMN00017002,na,representative genome,572478,164451,Vulcanisaeta distributa DSM 14429,strain=DSM 14429,na,latest,Complete Genome,Major,Full,22/09/2010,ASM14838v1,US DOE Joint Genome Institute (JGI-PGF),GCF_000148385.1,identical,https://ftp.ncbi.nlm.nih.gov/genomes/all/GCA/000/148/385/GCA_000148385.1_ASM14838v1,na,assembly from type material,na,haploid,archaea,2374137,2374137,45,1,1,1,US DOE Joint Genome Institute (JGI-PGF),Annotation submitted by US DOE Joint Genome Institute (JGI-PGF),01/02/2014,2593,2493,49,21304741,90,96.22
GCA_026000775.1,PRJDB14343,SAMD00535535,na,representative genome,1293586,164452,Vulcanisaeta souniana JCM 11219,strain=JCM 11219,na,latest,Complete Genome,Major,Full,08/10/2022,ASM2600077v1,"RIKEN-BRC, JCM",GCF_026000775.1,identical,https://ftp.ncbi.nlm.nih.gov/genomes/all/GCA/026/000/775/GCA_026000775.1_ASM2600077v1,na,assembly from type material,na,haploid,archaea,2432148,2432148,45,1,1,1,"RIKEN-BRC, JCM","Annotation submitted by RIKEN-BRC, JCM",10/08/2022,2712,2664,48,36598242,85,91.06
